Date,Total_Bed_Capacity,Total_Beds_Occupancy,DCH & DCHC_ Bed_Capacity,DCH & DCHC_ Beds_Occupancy,CCC2_Active_Bed_Capacity,CCC2_Active_Bed_Occupancy,ICU_Bed_Capacity,ICU_Beds_Occupancy,O2_Bed_Capacity,O2_Beds_Occupancy,Ventilator_Bed_Capacity,Ventilator_Beds_Occupancy
2020-06-07,17936,13739,10531,9227,7405,4512,1157,1141,5114,3760,476,446
2020-06-08,18110,13759,10702,9278,7408,4481,1164,1154,5946,4532,493,471
2020-06-09,17835,13390,10314,9065,7521,4325,1158,1142,5181,3948,503,481
2020-06-10,17617,13143,10338,9030,7279,4113,1163,1152,5202,3905,507,483
2020-06-11,17732,13146,10450,9098,7282,4048,1181,1167,5260,3986,530,497
2020-06-12,,,,,,,,,,,,
2020-06-13,17830,13201,10514,9335,7316,3866,1206,1189,5286,4126,532,520
2020-06-14,17805,13142,10492,9244,7313,3898,1197,1187,5298,4060,525,514
2020-06-15,18262,12784,11135,9545,7127,3239,1163,1162,5612,4315,532,521
2020-06-16,17654,12347,11148,9144,6506,3203,1197,1159,6951,5644,757,741
2020-06-17,18294,12870,11776,9742,6518,3128,1215,1163,7114,5943,714,699
2020-06-18,18380,12303,11862,9387,6518,2916,1278,1183,7212,5902,704,676
2020-06-19,18424,12352,11906,9407,6518,2945,1219,1147,7275,5995,701,678
2020-06-20,18434,12271,11891,9331,6543,2940,1258,1186,7236,5010,724,699
2020-06-21,18059,12145,11891,9301,6168,2844,1305,1225,7226,5977,734,706
2020-06-22,18070,12207,11901,9253,6169,2954,1315,1215,7226,5977,734,704
2020-06-23,18392,12183,12130,9207,6262,2976,1362,1254,7382,5901,767,730
2020-06-24,18391,12037,12122,9199,6260,2838,1362,1258,7374,5915,767,735
2020-06-25,18412,11995,12146,9232,6266,2763,1375,1273,7385,5935,771,739
2020-06-26,18744,12121,12478,9299,6266,2822,1394,1290,7705,5985,770,744
2020-06-27,18775,12004,12479,9284,6296,2720,1400,1289,7700,6007,775,743
2020-06-28,18796,12071,12479,9284,6317,2789,1400,1299,7700,6006,775,745
2020-06-29,18854,11920,12536,9198,6318,2722,1431,1263,7724,5877,804,751
2020-06-30,18854,11998,12536,9312,6318,2686,1431,1257,7724,5969,804,750
2020-07-01,19205,12263,13061,9587,6144,2676,1557,1415,7893,6114,928,861
2020-07-02,19561,12288,13401,9607,6160,2681,1567,1421,8425,6261,927,867
2020-07-03,19519,12401,13359,9665,6160,2736,1585,1440,8406,6284,935,878
2020-07-04,19973,12766,13789,9866,6184,2900,1540,1410,8836,6390,885,849
2020-07-05,19913,12705,13789,9826,6124,2879,1540,1410,8836,6404,885,846
2020-07-06,21683,12898,15609,10046,6074,2852,1606,1482,10549,6468,942,900
2020-07-07,23252,12848,17178,9982,6074,2866,1729,1487,11589,6459,1051,914
2020-07-08,23314,12747,17239,9990,6075,2757,1733,1500,11640,6418,1052,922
2020-07-09,23414,12820,17239,9984,6175,2836,1733,1507,11640,6386,1052,911
2020-07-10,23084,12616,16859,9960,6225,2656,1738,1523,11250,6337,1054,920
2020-07-11,22756,12626,16859,9889,5897,2737,1738,1514,11250,6303,1054,915
2020-07-12,22821,12740,16859,10011,5962,2729,1738,1498,11250,6394,1054,920
2020-07-13,22819,12619,16855,9893,5964,2726,1737,1510,11247,6298,1053,928
2020-07-14,22843,12663,16862,9771,5981,2691,1737,1525,11254,6215,1053,932
2020-07-15,22885,12335,16862,9773,6023,2562,1737,1534,11254,6210,1053,932
2020-07-16,22886,12433,16862,9832,6024,2601,1737,1521,11254,6256,1053,929
2020-07-17,22666,12488,16862,9909,5804,2579,1737,1516,11254,6343,1053,928
2020-07-18,22652,12456,16862,9931,5790,2525,1737,1544,11254,6344,1053,942
2020-07-19,22392,12156,16862,9896,5530,2260,1737,1539,11254,6320,1053,943
2020-07-20,22157,12002,16811,9834,5346,2168,1748,1535,11288,6271,1054,943
2020-07-21,22057,11920,16811,9821,5246,2099,1748,1541,11288,6266,1054,943
2020-07-22,22007,11762,16811,9787,5196,1975,1748,1549,11288,6266,1054,944
2020-07-23,21909,11702,16811,9801,5098,1909,1748,1534,11288,6294,1054,945
2020-07-24,21884,11684,16788,9858,5096,1826,1764,1557,11284,6322,1080,965
2020-07-25,21884,11651,16788,9831,5096,1820,1764,1575,11284,6297,1080,967
2020-07-26,21883,11518,16815,9734,5068,1784,1776,1558,11297,6292,1089,969
2020-07-27,21855,11127,16815,9352,5040,1775,1776,1542,11297,6021,1089,949
2020-07-28,21252,10924,16412,9234,4840,1690,1753,1549,10916,5898,1066,954
2020-07-29,21298,10861,16412,9218,4886,1643,1753,1554,10916,5867,1066,952
2020-07-30,21097,10792,16362,9194,4735,1598,1748,1570,10872,5855,1063,957
2020-07-31,20906,10765,16308,9261,4598,1504,1755,1570,10811,5935,1069,964
2020-08-01,20386,10699,16308,9261,4078,1438,1755,1523,10811,5942,1069,933
2020-08-02,19886,10188,15738,8779,4148,1409,1762,1448,10399,5625,1032,880
2020-08-03,19786,10064,15738,8673,4048,1391,1762,1445,10399,5549,1032,874
2020-08-04,19770,10057,15722,8605,4048,1452,1748,1436,10395,5525,1029,873
2020-08-05,19841,9945,15759,8491,4082,1454,1761,1433,10432,5454,1035,867
2020-08-06,19840,9827,15759,8368,4081,1459,1761,1424,10432,5384,1035,871
2020-08-07,19908,9816,15827,8400,4081,1416,1770,1439,10488,5324,1056,895
2020-08-08,20022,9943,15966,8517,4056,1426,1786,1455,10600,5384,1074,914
2020-08-09,20162,9874,16106,8534,4056,1340,1822,1477,10697,5388,1085,913
2020-08-10,20162,9840,16106,8494,4056,1346,1822,1464,10697,5392,1085,910
2020-08-11,20166,9606,16140,8323,4026,1283,1832,1488,10721,5230,1088,914
2020-08-12,20166,9653,16140,8349,4026,1304,1832,1486,10721,5234,1088,908
2020-08-13,20027,9587,16052,8378,3975,1209,1836,1489,10510,5287,1095,927
2020-08-14,20048,9694,16052,8431,3996,1263,1836,1501,10510,5311,1095,938
2020-08-15,19998,9697,16052,8489,3946,1208,1836,1493,10510,5389,1095,926
2020-08-16,19921,9720,16075,8527,3846,1193,1844,1514,10525,5389,1096,936
2020-08-17,,,,,,,,,,,,
2020-08-18,19660,9435,15814,8269,3846,1166,1818,1493,10359,5258,1084,940
2020-08-19,17311,8075,13465,6946,3846,1129,1431,1200,8894,4433,912,790
2020-08-20,17311,8065,13465,6965,3846,1100,1431,1194,8894,4439,912,778
2020-08-21,17311,8189,13465,7059,3846,1130,1431,1192,8894,4475,912,773
2020-08-22,17311,8234,13465,7112,3846,1122,1431,1198,8894,4533,912,761
2020-08-23,17313,8219,13467,7181,3846,1038,1435,1213,8892,4565,913,770
2020-08-24,17326,8138,13480,7132,3846,1006,1435,1196,8905,4536,913,770
2020-08-25,17326,8105,13480,7155,3846,950,1435,1195,8905,4438,913,776
2020-08-26,,,,,,,,,,,,
2020-08-27,16624,8169,13328,7174,3296,995,1432,1208,8701,4472,940,806
2020-08-28,16568,8166,13272,7126,3296,1040,1415,1214,8662,4382,933,809
2020-08-29,16572,8179,13272,7135,3300,1044,1415,1211,8662,4367,933,805
2020-08-30,16454,8121,13272,7069,3182,1052,1415,1206,8662,4285,933,798
2020-08-31,,,,,,,,,,,,
2020-09-01,16029,8013,12877,7049,3152,964,1401,1220,8362,4267,928,815
2020-09-02,15911,8248,12759,7251,3152,997,1401,1229,7912,4350,928,836
2020-09-03,15465,8252,12313,7228,4724,1409,1397,1257,7836,4342,929,855
2020-09-04,15469,8371,12315,7298,4724,1461,1399,1258,7836,4427,931,848
2020-09-05,15467,8588,12315,7449,4766,1589,1399,1247,7836,4547,931,847
2020-09-06,15485,8753,12315,7567,4899,1728,1399,1240,7836,4563,931,832
2020-09-07,15804,9154,12620,7872,3321,1413,1413,1276,7827,4735,938,856
2020-09-08,15796,9289,12608,7956,3401,1482,1413,1288,7839,4804,936,867
2020-09-09,15798,9641,6845,5453,3401,1503,1414,1330,7840,4942,936,898
2020-09-10,15776,9905,6828,5543,3396,1625,1415,1330,7812,5033,937,892
2020-09-11,16063,10009,6879,5546,3396,1667,1417,1336,7852,4952,947,900
2020-09-12,15964,10200,12880,8524,3123,1533,1417,1329,7852,4987,947,891
2020-09-13,15992,10381,12905,8604,3126,1750,1418,1327,7876,5048,959,897
2020-09-14,17426,11506,14319,9723,2921,1740,1732,1591,8837,5759,1102,1035
2020-09-15,,,,,,,,,,,,
2020-09-16,17724,11793,14559,9959,2918,1769,1786,1576,8805,5885,1119,993
2020-09-17,17534,11895,14559,10054,2928,1827,1786,1583,8805,5919,1119,1005
2020-09-18,17534,12022,14559,10193,2928,1803,1786,1583,8805,6081,1119,1006
2020-09-19,17534,11824,14559,10097,2928,1752,1786,1610,8805,5975,1119,1014
2020-09-20,17797,11876,14822,10242,2928,1723,1916,1723,8932,5991,1133,1035
2020-09-21,17678,11460,14728,9898,2978,1650,1916,1714,8907,5896,1133,1028
2020-09-22,17663,11442,14713,9867,2978,1605,1923,1720,8882,5766,1137,1030
2020-09-23,17698,11319,14748,9831,2978,1573,1923,1729,8893,5741,1134,1034
2020-09-24,17698,11088,14748,9564,2978,1612,1923,1713,8893,5686,1134,1020
2020-09-25,,,,,,,,,,,,
2020-09-26,18009,11251,14859,9709,2964,1522,1917,1704,9004,5815,1128,1020
2020-09-27,18009,11178,14859,9619,2964,1570,1917,1714,9004,5777,1128,1023
2020-09-28,18285,11476,14920,9797,2964,1598,1969,1748,9016,5885,1155,1037
2020-09-29,18292,11547,14927,9851,3164,1651,1976,1746,9016,5912,1162,1045
2020-09-30,,,,,,,,,,,,
2020-10-01,18429,11836,15056,10115,3164,1600,2010,1774,9102,6066,1133,1039
2020-10-02,18429,11891,15056,10170,3178,1621,2010,1785,9102,6076,1133,1033
2020-10-03,18392,12018,15019,10281,3178,1628,2017,1782,9088,6141,1133,1025
2020-10-04,18393,11964,15009,10245,3178,1596,2019,1780,9076,6064,1132,1016
2020-10-05,18431,11984,15047,10268,3178,1716,2018,1790,9115,6131,1131,1032
2020-10-06,18412,11864,15047,10199,3178,1555,2018,1784,9115,6070,1131,1030
2020-10-07,18412,11828,15047,10234,3365,1558,2018,1797,9115,6057,1131,1029
2020-10-08,18451,11972,15086,10297,3444,1605,2031,1805,9141,6080,1140,1042
2020-10-09,18443,11840,15077,10160,3444,1623,2033,1771,9131,6074,1142,1036
2020-10-10,18467,11765,15077,10155,3444,1637,2033,1776,9131,6071,1142,1034
2020-10-11,18467,11711,15077,10060,3444,1641,2033,1773,9131,6022,1142,1025
2020-10-12,18459,11683,15069,9996,3444,1608,2027,1747,9129,6031,1145,1020
2020-10-13,18447,11455,15057,9827,3444,1550,1998,1725,9145,5869,1154,1032
2020-10-14,18550,11504,15150,9866,3444,1544,2024,1736,9212,5873,1167,1029
2020-10-15,18550,11365,15150,9737,3444,1511,2024,1722,9212,5828,1167,1022
2020-10-16,18551,11217,15151,9544,3444,1468,2036,1709,9199,5710,1183,1021
2020-10-17,18551,11066,15151,9397,3444,1436,2036,1689,9199,5665,1183,1011
2020-10-18,18551,10755,15151,9258,3444,1399,2036,1671,9199,5582,1183,1006
2020-10-19,18521,10485,15151,9078,3444,1338,2036,1679,9199,5476,1183,1004
2020-10-20,18477,10241,15107,8928,3444,1296,2040,1665,9271,5362,1185,1014
2020-10-21,18477,9870,15107,8584,3444,1267,2040,1637,9271,5126,1185,995
2020-10-22,18477,9673,15107,8396,3588,1223,2040,1632,9271,4979,1185,984
2020-10-23,18417,9492,15047,8249,3588,1212,2037,1612,9234,4882,1179,974
2020-10-24,18476,9282,15106,8101,3588,1197,2035,1608,9253,4782,1177,979
2020-10-25,18476,9089,15106,7911,3588,1171,2035,1590,9253,4668,1177,978
2020-10-26,18476,8777,15106,7680,3556,1117,2035,1545,9253,4493,1177,965
2020-10-27,18476,8553,15106,7482,3556,1065,2035,1502,9253,4355,1177,942
2020-10-28,18476,8372,15106,7328,3556,1065,2035,1490,9253,4256,1177,918
2020-10-29,18476,8191,15106,7167,3556,1048,2035,1501,9253,4105,1177,933
2020-10-30,18315,8060,14945,7042,3556,1030,2036,1483,9103,3982,1179,923
2020-10-31,18362,7817,14992,6841,3556,1009,2052,1491,9134,3860,1194,935
2020-11-01,18362,7667,14992,6765,3412,971,2052,1484,9134,3807,1194,935
2020-11-02,18362,7450,14992,6586,3412,923,2052,1459,9134,3733,1194,916
2020-11-03,18362,7104,14992,6333,3412,869,2052,1423,9134,3589,1194,909
2020-11-04,18195,6744,14825,6003,3412,838,2042,1360,9012,3355,1192,897
2020-11-05,18195,6630,14825,5912,3412,793,2042,1345,9012,3267,1192,886
2020-11-06,17816,6606,14586,5914,3412,764,2020,1361,8815,3273,1193,890
2020-11-07,17816,6286,14586,5639,3342,747,2020,1292,8815,3156,1193,860
2020-11-08,17816,6061,14586,5416,3342,740,2020,1270,8815,2994,1193,848
2020-11-09,17704,6032,14474,5399,3342,736,2011,1280,8699,2973,1189,847
2020-11-10,17704,5898,14474,5299,3342,697,2011,1263,8699,2949,1189,844
2020-11-11,17707,5746,14477,5207,3342,644,2008,1251,8705,2886,1186,832
2020-11-12,17582,5578,14477,5052,3342,633,2008,1217,8705,2794,1186,822
2020-11-13,17461,5368,14456,4876,3342,618,2003,1200,8689,2702,1183,810
2020-11-14,17467,5292,14462,4835,3342,606,2003,1192,8695,2691,1183,805
2020-11-15,17467,5208,14462,4781,3342,593,2003,1208,8695,2629,1183,819
2020-11-16,17467,5138,14462,4728,3342,559,2003,1195,8695,2597,1183,801
2020-11-17,17467,4938,14462,4545,3242,551,2003,1155,8695,2513,1183,787
2020-11-18,17100,4851,14145,4531,3200,541,1978,1151,8423,2502,1184,787
2020-11-19,17100,4944,14145,4622,3200,529,1978,1148,8423,2557,1184,791
2020-11-20,16708,5000,13753,4668,3200,549,1947,1139,8120,2593,1168,789
2020-11-21,16711,5041,13756,4694,3200,563,1947,1153,8123,2619,1168,796
2020-11-22,16711,5145,13756,4775,3200,565,1947,1155,8123,2635,1168,801
2020-11-23,16594,5224,13756,4849,3200,560,1947,1146,8123,2657,1168,786
2020-11-24,16546,5264,13756,4883,3200,561,1947,1155,8123,2704,1168,797
2020-11-25,16546,5416,13756,5006,3200,594,1947,1154,8123,2825,1168,788
2020-11-26,16712,5509,13922,5082,3200,612,1926,1140,8310,2859,1164,777
2020-11-27,16669,5584,13879,5138,3200,618,1920,1143,8273,2896,1163,781
2020-11-28,16669,5607,13879,5169,3100,601,1920,1148,8273,2922,1163,782
2020-11-29,16669,5600,13879,5147,3100,592,1920,1145,8273,2920,1163,782
2020-11-30,16669,5544,13879,5079,3100,598,1920,1184,8273,2814,1163,796
2020-12-01,16669,5418,13879,4960,3100,596,1920,1161,8273,2727,1163,785
2020-12-02,16735,5379,13945,4930,3100,603,1934,1155,8325,2705,1166,775
2020-12-03,16735,5379,13945,4911,3100,590,1934,1140,8325,2698,1166,770
2020-12-04,16735,5308,13945,4841,3100,615,1934,1154,8325,2635,1166,785
2020-12-05,16707,5253,13917,4813,3100,596,1917,1133,8314,2630,1145,760
2020-12-06,16707,5140,13917,4727,3100,590,1917,1097,8314,2595,1145,736
2020-12-07,,,,,,,,,,,,
2020-12-08,,,,,,,,,,,,
2020-12-09,16593,4893,13917,4548,3100,523,1917,1082,8314,2489,1145,734
2020-12-10,16593,4784,13917,4426,3100,522,1917,1061,8314,2382,1145,722
2020-12-11,16593,4779,13917,4420,3100,515,1917,1057,8314,2343,1145,731
2020-12-12,16593,4705,13917,4359,3100,530,1917,1047,8314,2302,1145,718
2020-12-13,16593,4588,13917,4292,3023,514,1917,1023,8314,2264,1145,702
2020-12-14,16584,4497,13908,4217,3023,506,1886,997,8326,2222,1137,678
2020-12-15,16584,4461,13908,4175,3167,488,1886,1001,8326,2206,1137,685
2020-12-16,16574,4426,13898,4133,3167,490,1886,961,8316,2211,1137,666
2020-12-17,16437,4296,13898,4019,3167,493,1886,941,8316,2132,1137,642
2020-12-18,16437,4202,13898,3943,3167,488,1886,936,8316,2077,1137,640
2020-12-19,16437,4128,13898,3875,3167,490,1886,909,8316,2062,1137,623
2020-12-20,16437,4100,13898,3857,3167,483,1886,902,8316,2085,1137,619
2020-12-21,16437,4072,13898,3833,3167,461,1886,899,8316,2083,1137,615
2020-12-22,16437,4028,13898,3794,3167,464,1886,906,8316,2058,1137,615
2020-12-23,16437,4057,13898,3813,3167,455,1886,893,8316,2078,1137,618
2020-12-24,16437,3973,13898,3732,3167,458,1886,882,8316,2023,1137,611
2020-12-25,16437,4012,13898,3785,3167,458,1886,883,8316,2008,1137,611
2020-12-26,16437,3967,13898,3747,3167,466,1886,875,8316,2027,1137,611
2020-12-27,,,,,,,,,,,,
2020-12-28,16437,3997,13898,3762,2539,467,1886,860,8316,2016,1137,600
2020-12-29,16437,3951,13898,3711,2539,240,1886,846,8316,2000,1137,584
2020-12-30,16437,3927,13898,3700,2539,227,1886,846,8316,1991,1137,578
2020-12-31,16437,3944,13898,3708,2539,236,1886,834,8316,1991,1137,571
2021-01-01,15772,3923,13898,3701,1874,222,1886,842,8316,1950,1137,582
2021-01-02,15772,3853,13898,3634,1874,219,1886,831,8316,1868,1137,578
2021-01-03,15772,3810,13898,3608,1874,202,1886,803,8316,1864,1137,564
2021-01-04,15772,3827,13898,3640,1874,187,1886,822,8316,1868,1137,574
2021-01-05,15700,3806,13898,3649,1802,157,1886,828,8316,1860,1137,578
2021-01-06,15700,3785,13898,3649,1802,136,1886,828,8316,1860,1137,578
2021-01-07,14763,4340,12961,4208,1802,132,1818,845,7311,1787,1087,577
2021-01-08,14698,4143,12896,4014,1802,129,1797,812,7276,1692,1076,550
2021-01-09,14698,4158,12896,4038,1802,120,1797,809,7276,1702,1076,552
2021-01-10,14698,4151,12896,4026,1802,125,1797,796,7276,1711,1076,547
2021-01-11,14698,4139,12896,4026,1802,113,1797,796,7276,1711,1076,547
2021-01-12,14678,3956,12896,3832,1782,124,1797,772,7276,1660,1076,520
2021-01-13,14628,3967,12896,3840,1732,127,1797,779,7276,1672,1076,525
2021-01-14,14557,3929,12825,3798,1732,131,1802,768,7276,1697,1088,522
2021-01-15,13968,3851,12236,3730,1732,121,1750,762,6997,1628,1058,514
2021-01-16,13969,3890,12237,3761,1732,129,1749,768,6999,1595,1056,518
2021-01-17,13969,3880,12237,3752,1732,128,1749,767,6999,1592,1056,513
2021-01-18,13722,3787,12237,3666,1485,121,1749,743,6999,1581,1056,501
2021-01-19,13722,3728,12237,3608,1485,120,1749,722,6999,1545,1056,490
2021-01-20,13655,3726,12170,3613,1485,113,1732,722,6979,1548,1048,491
2021-01-21,13645,3587,12160,3484,1485,103,1732,694,6969,1512,1048,474
2021-01-22,13645,3505,12160,3403,1485,102,1732,689,6969,1484,1048,469
2021-01-23,13645,3513,12160,3408,1485,105,1732,668,6969,1471,1048,448
2021-01-24,13545,3453,12160,3363,1385,90,1732,668,6969,1446,1048,449
2021-01-25,13502,3361,12117,3278,1385,83,1733,653,6930,1402,1049,437
2021-01-26,13502,3328,12117,3240,1385,88,1733,648,6930,1380,1049,432
2021-01-27,13502,3271,12117,3184,1385,87,1733,639,6930,1366,1049,430
2021-01-28,13395,3243,12010,3163,1385,80,1707,638,6869,1344,1033,423
2021-01-29,13395,3176,12010,3109,1385,67,1707,595,6869,1316,1033,404
2021-01-30,13395,3159,12010,3087,1385,72,1707,585,6869,1329,1033,400
2021-01-31,13395,3104,12010,3037,1385,67,1707,584,6869,1305,1033,399
2021-02-01,12925,3074,12010,3004,915,70,1707,574,6869,1331,1033,395
2021-02-02,12925,3077,12010,2941,915,66,1707,579,6869,1297,1033,399
2021-02-03,12925,2930,12010,2866,915,64,1707,556,6869,1267,1033,385
2021-02-04,12925,2927,12010,2865,915,62,1707,563,6869,1286,1033,385
2021-02-05,12925,2956,12010,2889,915,67,1707,563,6869,1290,1033,387
2021-02-06,12925,2990,12010,2927,915,63,1707,563,6869,1314,1033,381
2021-02-07,12925,2983,12010,2921,915,62,1707,578,6869,1297,1033,388
2021-02-08,12925,2937,12010,2879,915,58,1707,581,6869,1257,1033,385
2021-02-09,12925,2872,12010,2814,915,58,1707,571,6869,1232,1033,380
2021-02-10,12925,2864,12010,2810,915,54,1707,584,6869,1211,1033,392
2021-02-11,12773,2890,12010,2836,763,54,1707,570,6869,1246,1033,386
2021-02-12,12773,2923,12010,2864,763,59,1707,578,6869,1267,1033,392
2021-02-13,12773,2918,12010,2865,763,53,1707,579,6869,1289,1033,395
2021-02-14,12773,2939,12010,2884,763,55,1707,585,6869,1306,1033,402
2021-02-15,12773,3008,12010,2949,763,59,1707,586,6869,1325,1033,394
2021-02-16,12773,3031,12010,2955,763,76,1707,575,6869,1337,1033,380
2021-02-17,12773,3073,12010,3000,763,73,1707,565,6869,1355,1033,371
2021-02-18,11968,3029,11205,2946,763,83,1528,554,6174,1284,959,354
2021-02-19,11968,3169,11205,3082,763,87,1528,553,6174,1359,959,363
2021-02-20,11988,3389,11205,3290,783,99,1528,556,6174,1425,959,363
2021-02-21,11988,3420,11205,3329,783,91,1528,562,6174,1452,959,365
2021-02-22,13914,3510,13131,3402,783,108,1559,580,8057,1492,943,383
2021-02-23,13656,3711,13119,3613,537,98,1554,612,8013,1535,940,393
2021-02-24,13662,3879,13125,3763,537,116,1554,647,8019,1649,940,411
2021-02-25,13667,3914,13130,3788,537,126,1556,657,8022,1709,940,427
2021-02-26,13662,4114,13125,3983,537,131,1550,677,8023,1853,939,441
2021-02-27,13674,4200,13137,4061,537,139,1551,679,8034,1915,940,446
2021-02-28,13674,4299,13137,4140,537,159,1551,701,8034,1972,940,457
2021-03-01,13580,4412,13043,4243,537,169,1557,712,8033,2037,945,467
2021-03-02,13580,4406,13043,4243,537,163,1557,712,8033,2037,945,467
2021-03-03,13555,4529,13018,4340,537,189,1541,727,8025,2071,940,465
2021-03-04,13556,4638,13019,4434,537,204,1541,730,8028,2123,940,463
2021-03-05,13565,4775,13028,4568,537,207,1544,741,8036,2187,950,474
2021-03-06,13540,4933,13003,4718,537,215,1536,759,8027,2288,947,488
2021-03-07,13540,4938,13003,4731,537,207,1536,773,8027,2288,947,502
2021-03-08,13529,4905,12992,4693,537,212,1533,792,8019,2195,943,506
2021-03-09,13529,5145,12992,4940,537,205,1533,789,8019,2385,941,500
2021-03-10,13536,5193,12999,4985,537,208,1534,829,8025,2516,942,530
2021-03-11,13536,5321,12999,5092,537,229,1534,829,8025,2576,942,535
2021-03-12,13535,5469,12998,5240,537,229,1536,845,8022,2668,944,539
2021-03-13,13585,5495,12998,5240,587,255,1536,845,8022,2668,944,539
2021-03-14,13588,5857,13001,5579,587,278,1535,859,8026,2930,944,549
2021-03-15,13649,6040,13062,5767,587,273,1537,883,8085,3039,942,565
2021-03-16,13649,6052,13062,5767,587,285,1537,883,8085,3039,942,565
2021-03-17,13036,6243,12424,5984,612,259,1520,913,8175,3504,956,607
2021-03-18,13458,6816,12738,6501,720,315,1527,915,8352,3864,961,616
2021-03-19,13414,7130,12694,6778,720,352,1539,952,8461,4087,966,657
2021-03-20,13514,7183,12694,6778,820,405,1539,952,8461,4087,966,657
2021-03-21,13514,7183,12694,6778,1020,436,1539,952,8461,4087,966,657
2021-03-22,14467,7949,13002,7458,1465,491,1544,984,8814,4783,966,680
2021-03-23,14597,8447,13083,7773,1514,674,1559,1021,8851,4991,978,697
2021-03-24,15041,9032,13477,8237,1564,795,1616,1104,9062,5249,1000,729
2021-03-25,14742,9937,12326,8687,2416,1250,1644,1117,8209,5605,997,726
2021-03-26,15314,11030,12742,9571,2572,1459,1669,1188,8534,6255,1014,771
2021-03-27,15594,11537,12742,9688,2852,1849,1669,1188,8534,6421,1014,760
2021-03-28,16247,12008,13006,9789,3241,2219,1709,1261,8694,6520,1036,810
2021-03-29,16193,12273,12906,9853,3287,2420,1631,1295,8725,6565,1030,817
2021-03-30,16561,12628,13110,10061,3451,2567,1627,1303,8914,6695,1000,830
2021-03-31,18037,13155,13936,10353,4101,2802,1595,1332,8599,6521,1026,885
2021-04-01,18414,13516,14078,10570,4336,2946,1638,1376,8658,6723,1047,905
2021-04-02,19383,14758,14769,11644,4614,3114,1800,1632,9180,7410,1131,1037
2021-04-03,21366,15769,16247,12378,5119,3391,1899,1750,9841,7709,1168,1093
2021-04-04,21752,16352,16558,12707,5194,3645,1924,1776,10204,7987,1162,1099
2021-04-05,22457,16977,17178,13048,5279,3929,2007,1871,10557,8290,1122,1071
2021-04-06,23042,17871,17431,13434,5611,4437,2056,1928,10725,8553,1170,1112
2021-04-07,23181,18042,17491,13802,5690,4240,2087,2015,10767,8762,1179,1151
2021-04-08,24039,19198,18213,14648,5826,4550,2248,2185,11209,9383,1205,1179
2021-04-09,24873,19759,18737,15086,6136,4673,2410,2323,9762,8481,1273,1243
2021-04-10,25162,19781,19168,15243,5994,4538,2529,2440,9946,8439,1302,1270
2021-04-11,25455,20256,19329,15451,6126,4805,2542,2482,9934,8540,1330,1310
2021-04-12,25676,20688,19534,15744,6142,4944,2598,2553,10051,8654,1306,1294
2021-04-13,26872,20890,20022,15917,6850,4973,2664,2623,10361,8917,1339,1324
2021-04-14,26906,21228,20044,16308,6862,4920,2692,2652,10183,8962,1349,1335
2021-04-15,27714,21384,20279,16335,7435,5049,2711,2674,10248,9053,1358,1341
2021-04-16,27891,21282,20456,16447,7435,4835,2751,2695,10069,9189,1414,1393
2021-04-17,28181,21975,20608,17005,7573,4970,2765,2722,10227,9566,1415,1396
2021-04-18,28322,21953,20641,17009,7681,4944,2762,2719,10274,9710,1410,1390
2021-04-19,28801,22144,21093,17471,7708,4673,2798,2748,10511,9845,1426,1405
2021-04-20,29044,22160,21283,17423,7761,4737,2823,2772,10651,9827,1447,1432
2021-04-21,29092,21953,21331,17519,7761,4434,2834,2792,10773,9920,1452,1431
2021-04-22,29764,22113,21553,17668,8211,4445,2850,2808,10981,10065,1441,1421
2021-04-23,29928,21946,21717,17503,8211,4443,2861,2801,11082,10048,1444,1427
2021-04-24,29920,22211,21701,17818,8219,4393,2836,2794,11181,10182,1455,1439
2021-04-25,29903,21581,21684,17413,8219,4168,2837,2789,11172,10132,1450,1427
2021-04-26,29997,21038,21706,17021,8291,4017,2849,2798,11124,10028,1451,1432
2021-04-27,30097,20189,21806,16642,8291,3547,2886,2819,11158,9904,1463,1442
2021-04-28,30060,19652,21769,16220,8291,3432,2887,2814,11147,9667,1474,1454
2021-04-29,30058,19266,21767,16047,8291,3219,2894,2837,11060,9489,1482,1461
2021-04-30,30156,19045,21850,15913,8306,3132,2906,2840,11235,9482,1491,1471
2021-05-01,30189,18712,21883,15753,8306,2959,2923,2853,11244,9424,1501,1479
2021-05-02,30164,18183,21858,15291,8306,2892,2919,2830,11230,9184,1503,1483
2021-05-03,31695,18911,23389,16287,8306,2624,2929,2831,12754,10237,1495,1472
2021-05-04,30168,17060,22062,14488,8106,2572,2921,2801,11487,8773,1493,1471
2021-05-05,30349,16999,21956,14361,8393,2638,2925,2790,11514,8544,1491,1468
2021-05-06,31698,16364,23187,13849,8511,2515,2958,2814,12816,8265,1507,1481
2021-05-07,31700,15955,23209,13534,8491,2421,2961,2781,12837,8050,1509,1477
2021-05-08,31204,15539,22713,13328,8491,2211,2976,2779,12850,7935,1510,1469
2021-05-09,31852,15118,22661,12961,9191,2157,2977,2774,12855,7645,1521,1467
2021-05-10,31662,14641,22619,12608,9043,2033,2996,2761,12794,7376,1552,1485
2021-05-11,31615,14093,22572,12098,9043,1995,2994,2707,12748,7019,1547,1462
2021-05-12,31539,13539,22556,11588,8983,1951,2995,2710,12742,6586,1547,1474
2021-05-17,31306,13561,22216,11848,9090,1713,2899,2515,11971,6061,1495,1400
2021-05-18,31230,13213,22210,11529,9020,1684,2882,2477,12061,5758,1486,1382
2021-05-20,30613,12469,22138,10927,8475,1542,2880,2410,11580,5412,1489,1362
2021-05-21,30445,9996,22090,8361,8355,1635,2880,2267,11532,4361,1489,1281
2021-05-22,30467,9903,22112,8323,8355,1580,2881,2360,11553,4250,1482,1343
2021-05-23,30432,9960,22077,8373,8355,1587,2867,2335,11535,4211,1471,1324
2021-05-24,30097,9514,22017,7976,8080,1538,2869,2279,11474,4023,1472,1295
2021-05-25,30129,9366,20024,7852,8105,1514,2868,2286,11480,3943,1471,1294
2021-05-26,30126,9257,22021,7721,8105,1536,2865,2270,11617,3826,1496,1316
2021-05-27,30255,9051,22050,7540,8205,1511,2865,2212,11645,3748,1494,1297
2021-05-28,30040,8685,21805,7258,8235,1427,2831,2153,11459,3590,1491,1270
2021-05-29,30042,8528,21807,7133,8235,1395,2833,2135,11458,3490,1494,1266
2021-05-30,30040,8434,21805,7086,8235,1348,2832,2137,11455,3324,1493,1263
2021-05-31,30084,8043,21840,6866,8244,1177,2840,2071,11437,3213,1495,1234
2021-06-01,29377,7692,21783,6627,7594,1065,2842,2020,11483,3065,1496,1206
2021-06-02,28467,7358,21623,6538,6844,820,2822,1995,11407,3004,1491,1206
2021-06-03,28561,7208,21504,6408,7057,800,2820,1972,11273,2891,1489,1200
2021-06-04,28126,6968,21257,6178,6869,790,2818,1961,11117,2776,1484,1200
2021-06-05,27807,6856,21225,6126,6582,730,2808,1912,11109,2792,1480,1173
2021-06-06,27816,6714,21234,5984,6582,730,2808,1886,11113,2696,1480,1158
2021-06-07,27766,6394,21184,5693,6582,701,2800,1728,11086,2586,1479,1052
2021-06-08,27600,6258,21018,5553,6582,705,2757,1765,10993,2483,1462,1100
2021-06-09,27570,6036,20988,5381,6582,655,2737,1618,10977,2408,1457,1008
2021-06-10,27570,6036,20988,5381,6582,655,2737,1618,10977,2408,1457,1008
2021-06-11,26948,5851,20691,5205,6257,646,2674,1674,10805,2271,1467,1078
2021-06-12,26914,5375,20657,5126,6257,609,2660,1700,10783,2189,1460,1088
2021-06-13,26896,5631,20639,5018,6257,613,2660,1673,10770,2096,1459,1074
2021-06-14,27285,5547,20708,4958,5988,589,2653,1648,10775,2108,1457,1051
2021-06-15,26562,5272,20574,4707,5988,565,2646,1513,10712,2006,1456,969
2021-06-16,26529,5182,20541,4650,5988,532,2642,1480,10686,2016,1452,951
2021-06-17,26712,5105,20724,4558,5988,547,2635,1465,10934,1949,1455,951
2021-06-18,26709,5048,20721,4489,5988,559,2633,1448,10933,1924,1450,923
2021-06-19,26710,5046,20722,4454,5988,592,2633,1417,10930,1906,1450,908
2021-06-20,26689,4954,20701,4349,5988,605,2633,1396,10910,1807,1451,894
2021-06-21,26596,4924,20608,4337,5988,587,2636,1395,10909,1771,1454,896
2021-06-22,26508,4825,20520,4258,5988,567,2620,1375,10852,1764,1435,879
2021-06-23,26385,4789,20497,4232,5888,557,2619,1335,10832,1787,1434,875
2021-06-24,26341,4755,20453,4192,5888,563,2586,1267,10821,1794,1403,821
2021-06-25,26171,4649,20283,4108,5888,541,2530,1238,10712,1728,1391,803
2021-06-26,26018,4592,20284,4064,5734,528,2529,1231,10711,1697,1388,804
2021-06-27,26018,4609,20384,4103,5734,506,2529,1225,10710,1724,1388,784
2021-06-28,25701,4470,20015,3977,5686,493,2523,1202,10519,1691,1377,761
2021-06-29,25691,4442,20005,3965,5686,477,2515,1189,10517,1699,1374,755
2021-06-30,25621,4412,19935,3967,5686,445,2499,1199,10464,1684,1372,773
2021-07-01,25532,4329,19846,3885,5686,444,2470,1192,10447,1657,1355,780
2021-07-02,24274,4324,18588,3878,5686,446,2448,1211,9503,1666,1343,783
2021-07-03,24196,4238,18510,3764,5686,474,2402,1163,9519,1620,1297,731
2021-07-04,24194,4236,18508,3769,5686,467,2450,1181,9469,1607,1345,752
2021-07-05,24193,4221,18507,3782,5686,439,2450,1184,9467,1617,1345,760
2021-07-06,24099,4099,18413,3665,5686,434,2436,1160,9336,1546,1327,742
2021-07-07,24101,3978,18415,3568,5686,410,2445,1155,9332,1474,1329,739
2021-07-15,22031,3471,18051,3208,3980,271,2328,998,9087,1322,1277,633