Date,cases_age_group_0_to_9,female_0_to_9_cases_perc,male_0_to_9_cases_perc,cases_age_group_10_to_19,female_10_to_19_cases_perc,male_10_to_19_cases_perc,cases_age_group_20_to_29,female_20_to_29_cases_perc,male_20_to_29_cases_perc,cases_age_group_30_to_39,female_30_to_39_cases_perc,male_30_to_39_cases_perc,cases_age_group_40_to_49,female_40_to_49_cases_perc,male_40_to_49_cases_perc,cases_age_group_50_to_59,female_50_to_59_cases_perc,male_50_to_59_cases_perc,cases_age_group_60_to_69,female_60_to_69_cases_perc,male_60_to_69_cases_perc,cases_age_group_70_to_79,female_70_to_79_cases_perc,male_70_to_79_cases_perc,cases_age_group_80_to_89,female_80_to_89_cases_perc,male_80_to_89_cases_perc,cases_age_group_90_plus,female_90_plus_cases_perc,male_90_plus_cases_perc
2020-06-13,988,47%,53%,1812,48%,52%,8585,48%,52%,10356,34%,66%,10499,33%,67%,11244,34%,66%,7602,38%,62%,3477,41%,59%,1069,39%,61%,129,42%,58%
2020-06-14,1021,47%,53%,1874,48%,52%,8795,48%,52%,10716,34%,66%,10815,32%,68%,11618,34%,66%,7874,39%,61%,3602,40%,60%,1102,40%,60%,132,43%,57%
2020-06-15,1034,47%,53%,1889,48%,52%,8910,48%,52%,10865,34%,66%,10997,33%,67%,11813,34%,66%,8030,39%,61%,3690,41%,59%,1129,40%,60%,132,43%,57%
2020-06-16,1042,47%,53%,1922,48%,52%,9032,48%,52%,11017,34%,66%,11188,33%,67%,12006,34%,66%,8181,39%,61%,3764,41%,59%,1150,40%,60%,132,43%,57%
2020-06-17,1042,47%,53%,1922,48%,52%,9032,48%,52%,11017,34%,66%,11188,33%,67%,12006,34%,66%,8181,39%,61%,3764,41%,59%,1150,40%,60%,132,43%,57%
2020-06-18,1101,46%,54%,2046,46%,54%,9517,46%,54%,11563,33%,67%,11746,32%,68%,12574,34%,66%,8585,38%,62%,3964,40%,60%,1206,40%,60%,133,44%,56%
2020-06-19,1122,46%,54%,2076,46%,54%,9675,46%,54%,11811,33%,67%,11995,32%,68%,12801,34%,66%,8765,38%,62%,4056,40%,60%,1228,40%,60%,135,44%,56%
2020-06-20,1139,46%,54%,2112,46%,54%,9830,46%,54%,12011,34%,66%,12186,32%,68%,13052,34%,66%,8942,38%,62%,4148,40%,60%,1260,40%,60%,137,43%,57%
2020-06-21,1159,46%,54%,2150,46%,54%,9997,46%,54%,12225,34%,66%,12397,32%,68%,13307,34%,66%,9127,38%,62%,4226,40%,60%,1277,39%,61%,142,42%,58%
2020-06-22,1177,46%,54%,2185,46%,54%,10119,46%,54%,12417,34%,66%,12593,32%,68%,13538,34%,66%,9288,38%,62%,4315,40%,60%,1303,39%,61%,142,42%,58%
2020-06-23,1188,46%,54%,2199,46%,54%,10207,46%,54%,12551,34%,66%,12749,32%,68%,13706,34%,66%,9441,38%,62%,4388,40%,60%,1324,39%,61%,143,42%,58%
2020-06-24,1200,46%,54%,2228,46%,54%,10326,46%,54%,12758,34%,66%,12961,32%,68%,13912,34%,66%,9611,38%,62%,4491,40%,60%,1351,39%,61%,144,42%,58%
2020-06-25,1221,46%,54%,2250,46%,54%,10492,46%,54%,12984,34%,66%,13212,32%,68%,14207,34%,66%,9795,38%,62%,4591,40%,60%,1385,39%,61%,148,42%,58%
2020-06-26,1244,46%,54%,2281,46%,54%,10652,46%,54%,13197,34%,66%,13445,32%,68%,14460,34%,66%,9981,38%,62%,4693,40%,60%,1406,39%,61%,151,42%,58%
2020-06-27,1251,46%,54%,2317,46%,54%,10690,46%,54%,13263,34%,66%,13603,32%,68%,14597,34%,66%,10089,38%,62%,4759,40%,60%,1429,39%,61%,154,42%,58%
2020-06-28,1272,46%,54%,2355,46%,54%,10889,46%,54%,13466,34%,66%,13829,32%,68%,14857,34%,66%,10242,38%,62%,4877,40%,60%,1459,39%,61%,158,42%,58%
2020-06-29,1299,46%,54%,2393,46%,54%,11036,46%,54%,13673,34%,66%,14019,32%,68%,15092,34%,66%,10432,38%,62%,4976,40%,60%,1498,39%,61%,160,42%,58%
2020-06-30,1311,46%,54%,2428,46%,54%,11155,46%,54%,13824,34%,66%,14177,32%,68%,15266,34%,66%,10552,38%,62%,5043,40%,60%,1517,39%,61%,163,42%,58%
2020-07-01,1343,46%,54%,2491,46%,54%,11339,46%,54%,14079,34%,66%,14440,32%,68%,15554,34%,66%,10767,38%,62%,5150,40%,60%,1551,39%,61%,168,42%,58%
2020-07-02,1374,46%,54%,2540,46%,54%,11540,46%,54%,14344,34%,66%,14717,32%,68%,15855,34%,66%,10983,38%,62%,5260,40%,60%,1593,39%,61%,173,42%,58%
2020-07-03,1411,46%,54%,2594,46%,54%,11688,46%,54%,14578,34%,66%,14967,32%,68%,16119,34%,66%,11160,38%,62%,5372,40%,60%,1624,39%,61%,177,42%,58%
2020-07-04,1432,46%,54%,2623,46%,54%,11829,46%,54%,14777,34%,66%,15185,32%,68%,16357,34%,66%,11315,38%,62%,5458,40%,60%,1648,39%,61%,180,42%,58%
2020-07-05,1455,46%,54%,2662,46%,54%,11987,46%,54%,15022,34%,66%,15403,32%,68%,16617,34%,66%,11502,38%,62%,5530,40%,60%,1683,39%,61%,183,42%,58%
2020-07-06,1455,46%,54%,2662,46%,54%,11987,46%,54%,15022,34%,66%,15403,32%,68%,16617,34%,66%,11502,38%,62%,5530,40%,60%,1683,39%,61%,183,45%,55%
2020-07-07,1504,46%,54%,2736,46%,54%,12221,46%,54%,15357,34%,66%,15733,32%,68%,17037,34%,66%,11790,38%,62%,5659,40%,60%,1734,39%,61%,186,45%,55%
2020-07-08,1519,46%,54%,2777,46%,54%,12396,46%,54%,15593,34%,66%,15970,32%,68%,17297,34%,66%,11970,38%,62%,5759,40%,60%,1774,39%,61%,190,45%,55%
2020-07-09,1519,46%,54%,2777,46%,54%,12396,46%,54%,15593,34%,66%,15970,32%,68%,17297,34%,66%,11970,38%,62%,5759,40%,60%,1774,39%,61%,190,45%,55%
2020-07-10,1573,46%,54%,2879,46%,54%,12705,46%,54%,16065,34%,66%,16399,32%,68%,17813,34%,66%,12327,38%,62%,5968,40%,60%,1856,39%,61%,196,45%,55%
2020-07-11,1606,46%,54%,2924,46%,54%,12883,46%,54%,16286,34%,66%,16593,32%,68%,18066,34%,66%,12513,38%,62%,6058,40%,60%,1893,39%,61%,201,45%,55%
2020-07-12,1629,46%,54%,2974,46%,54%,13043,46%,54%,16479,34%,66%,16838,32%,68%,18289,34%,66%,12670,38%,62%,6147,40%,60%,1926,39%,61%,206,45%,55%
2020-07-13,1652,46%,54%,3012,46%,54%,13180,46%,54%,16685,35%,65%,17042,33%,67%,18505,35%,65%,12818,38%,62%,6237,41%,59%,1962,39%,61%,207,43%,57%
2020-07-14,1668,46%,54%,3036,46%,54%,13291,46%,54%,16857,35%,65%,17207,33%,67%,18666,35%,65%,12960,38%,62%,6307,41%,59%,1993,39%,61%,209,43%,57%
2020-07-15,1694,46%,54%,3083,46%,54%,13521,46%,54%,17100,35%,65%,17433,33%,67%,18909,35%,65%,13129,38%,62%,6399,41%,59%,2028,39%,61%,216,43%,57%
2020-07-16,1725,46%,54%,3136,46%,54%,13720,46%,54%,17354,35%,65%,17672,33%,67%,19204,35%,65%,13329,38%,62%,6501,41%,59%,2070,39%,61%,219,43%,57%
2020-07-17,1754,46%,54%,3178,46%,54%,13897,46%,54%,17535,35%,65%,17876,33%,67%,19430,35%,65%,13496,38%,62%,6576,41%,59%,2097,39%,61%,222,43%,57%
2020-07-18,1782,46%,54%,3228,46%,54%,14048,46%,54%,17752,35%,65%,18085,33%,67%,19630,35%,65%,13623,38%,62%,6668,41%,59%,2144,40%,60%,224,43%,57%
2020-07-19,1782,46%,54%,3228,46%,54%,14048,46%,54%,17752,35%,65%,18085,33%,67%,19630,35%,65%,13623,38%,62%,6668,41%,59%,2144,40%,60%,224,44%,56%
2020-07-20,1847,46%,54%,3322,46%,54%,14403,46%,54%,18215,35%,65%,18472,33%,67%,20076,35%,65%,13948,38%,62%,6824,41%,59%,2223,40%,60%,237,44%,56%
2020-07-21,1866,46%,54%,3364,46%,54%,14536,46%,54%,18381,35%,65%,18629,33%,67%,20246,35%,65%,14079,38%,62%,6896,41%,59%,2251,40%,60%,240,44%,56%
2020-07-22,1894,46%,54%,3411,46%,54%,14727,46%,54%,18619,35%,65%,18836,33%,67%,20479,35%,65%,14234,38%,62%,6993,41%,59%,2277,40%,60%,242,44%,56%
2020-07-23,1917,46%,54%,3450,46%,54%,14909,46%,54%,18857,35%,65%,19019,33%,67%,20719,35%,65%,14393,38%,62%,7073,41%,59%,2304,40%,60%,242,44%,56%
2020-07-24,1933,46%,54%,3489,46%,54%,15034,46%,54%,19041,35%,65%,19189,33%,67%,20920,35%,65%,14524,38%,62%,7155,41%,59%,2343,40%,60%,246,44%,56%
2020-07-25,1936,46%,54%,3512,46%,54%,15083,46%,54%,19080,35%,65%,19281,33%,67%,21010,35%,65%,14591,38%,62%,7193,41%,59%,2363,40%,60%,245,44%,56%
2020-07-26,1962,46%,54%,3564,46%,54%,15216,46%,54%,19270,35%,65%,19465,33%,67%,21209,35%,65%,14721,38%,62%,7274,41%,59%,2389,40%,60%,247,44%,56%
2020-07-27,1977,46%,54%,3602,47%,53%,15333,46%,54%,19449,35%,65%,19617,33%,67%,21411,35%,65%,14844,39%,61%,7353,41%,59%,2420,40%,60%,249,44%,56%
2020-07-28,1988,46%,54%,3631,47%,53%,15421,46%,54%,19575,35%,65%,19752,33%,67%,21533,35%,65%,14917,39%,61%,7407,41%,59%,2440,40%,60%,252,44%,56%
2020-07-29,2006,46%,54%,3664,47%,53%,15547,46%,54%,19768,35%,65%,19965,33%,67%,21730,35%,65%,15043,39%,61%,7478,41%,59%,2466,40%,60%,255,44%,56%
2020-07-30,2028,46%,54%,3700,47%,53%,15680,46%,54%,19943,35%,65%,20187,33%,67%,21975,35%,65%,15211,39%,61%,7571,41%,59%,2500,40%,60%,258,44%,56%
2020-07-31,2052,46%,54%,3739,47%,53%,15829,46%,54%,20122,35%,65%,20365,33%,67%,22188,35%,65%,15341,39%,61%,7646,41%,59%,2518,40%,60%,260,44%,56%
2020-08-01,2068,46%,54%,3767,47%,53%,15953,46%,54%,20315,35%,65%,20547,33%,67%,22371,35%,65%,15476,39%,61%,7726,41%,59%,2538,40%,60%,262,44%,56%
2020-08-02,2093,46%,54%,3806,47%,53%,16107,46%,54%,20512,35%,65%,20715,33%,67%,22562,35%,65%,15621,39%,61%,7794,41%,59%,2564,40%,60%,264,44%,56%
2020-08-03,2106,46%,54%,3830,47%,53%,16213,46%,54%,20687,35%,65%,20868,33%,67%,22740,35%,65%,15756,39%,61%,7865,41%,59%,2585,40%,60%,269,44%,56%
2020-08-04,2119,46%,54%,3850,47%,53%,16305,46%,54%,20827,35%,65%,20977,33%,67%,22859,35%,65%,15835,39%,61%,7929,41%,59%,2602,40%,60%,271,44%,56%
2020-08-05,2138,46%,54%,3889,47%,53%,16454,46%,54%,20998,35%,65%,21174,33%,67%,23057,35%,65%,15984,39%,61%,8016,41%,59%,2644,40%,60%,274,44%,56%
2020-08-06,2155,46%,54%,3925,47%,53%,16567,46%,54%,21139,35%,65%,21324,33%,67%,23206,35%,65%,16099,39%,61%,8087,41%,59%,2666,40%,60%,276,44%,56%
2020-08-07,2172,46%,54%,3963,47%,53%,16674,46%,54%,21290,35%,65%,21457,33%,67%,23346,35%,65%,16218,39%,61%,8138,41%,59%,2689,40%,60%,281,44%,56%
2020-08-08,2190,46%,54%,4007,47%,53%,16834,46%,54%,21529,35%,65%,21657,33%,67%,23596,35%,65%,16370,39%,61%,8241,41%,59%,2725,40%,60%,287,44%,56%
2020-08-09,2206,46%,54%,4040,47%,53%,16965,46%,54%,21717,35%,65%,21838,33%,67%,23788,35%,65%,16508,39%,61%,8330,41%,59%,2750,40%,60%,292,44%,56%
2020-08-10,2231,46%,54%,4071,47%,53%,17104,46%,54%,21867,35%,65%,21993,33%,67%,23960,35%,65%,16600,39%,61%,8408,41%,59%,2779,40%,60%,294,44%,56%
2020-08-11,2241,45%,55%,4096,46%,54%,17223,45%,55%,22031,35%,65%,22130,33%,67%,24125,35%,65%,16718,39%,61%,8477,41%,59%,2806,41%,59%,298,45%,55%
2020-08-12,2254,45%,55%,4135,46%,54%,17357,45%,55%,22236,35%,65%,22299,33%,67%,24333,35%,65%,16868,39%,61%,8565,41%,59%,2841,41%,59%,303,45%,55%
2020-08-13,2271,45%,55%,4165,46%,54%,17523,45%,55%,22436,35%,65%,22506,33%,67%,24555,35%,65%,17031,39%,61%,8652,41%,59%,2863,41%,59%,306,45%,55%
2020-08-14,2287,45%,55%,4184,46%,54%,17638,45%,55%,22587,35%,65%,22689,33%,67%,24747,35%,65%,17173,39%,61%,8726,41%,59%,2882,41%,59%,310,45%,55%
2020-08-15,2304,45%,55%,4229,46%,54%,17811,45%,55%,22790,35%,65%,22893,33%,67%,24968,35%,65%,17324,39%,61%,8825,41%,59%,2911,41%,59%,314,45%,55%
2020-08-16,2310,45%,55%,4257,46%,54%,17913,45%,55%,22901,35%,65%,23024,33%,67%,25111,35%,65%,17412,39%,61%,8899,41%,59%,2935,41%,59%,318,45%,55%
2020-08-17,,,,,,,,,,,,,,,,,,,,,,,,,,,,,,
2020-08-18,2337,45%,55%,4331,46%,54%,18111,45%,55%,23162,35%,65%,23304,33%,67%,25427,35%,65%,17640,39%,61%,9038,41%,59%,2965,41%,59%,328,45%,55%
2020-08-19,2355,45%,55%,4374,46%,54%,18242,45%,55%,23334,35%,65%,23494,33%,67%,25642,35%,65%,17800,39%,61%,9121,41%,59%,3000,41%,59%,331,45%,55%
2020-08-20,2375,45%,55%,4416,46%,54%,18403,45%,55%,23545,35%,65%,23688,33%,67%,25895,35%,65%,17979,39%,61%,9212,41%,59%,3040,41%,59%,340,45%,55%
2020-08-21,2403,45%,55%,4459,46%,54%,18610,45%,55%,23786,35%,65%,23916,33%,67%,26147,35%,65%,18176,39%,61%,9294,41%,59%,3084,41%,59%,342,45%,55%
2020-08-22,2429,45%,55%,4509,46%,54%,18755,45%,55%,23962,35%,65%,24112,33%,67%,26381,35%,65%,18318,39%,61%,9381,41%,59%,3110,41%,59%,345,45%,55%
2020-08-23,2439,45%,55%,4568,46%,54%,18884,45%,55%,24126,35%,65%,24271,33%,67%,26538,35%,65%,18454,39%,61%,9463,41%,59%,3131,41%,59%,347,45%,55%
2020-08-24,2455,45%,55%,4595,46%,54%,18980,45%,55%,24243,35%,65%,24397,33%,67%,26674,35%,65%,18549,39%,61%,9511,41%,59%,3155,41%,59%,350,45%,55%
2020-08-25,2463,45%,55%,4618,46%,54%,19051,45%,55%,24335,35%,65%,24490,33%,67%,26778,35%,65%,18624,39%,61%,9566,41%,59%,3167,41%,59%,354,45%,55%
2020-08-26,,,,,,,,,,,,,,,,,,,,,,,,,,,,,,
2020-08-27,2523,45%,55%,4736,46%,54%,19446,45%,55%,24909,35%,65%,25039,33%,67%,27312,35%,65%,19034,39%,61%,9818,41%,59%,3236,41%,59%,359,45%,55%
2020-08-28,2554,45%,55%,4785,46%,54%,19605,45%,55%,25130,35%,65%,25251,33%,67%,27534,35%,65%,19187,39%,61%,9906,41%,59%,3277,41%,59%,363,45%,55%
2020-08-29,2579,45%,55%,4850,46%,54%,19780,45%,55%,25385,35%,65%,25474,33%,67%,27801,35%,65%,19361,39%,61%,10018,41%,59%,3315,41%,59%,368,45%,55%
2020-08-30,2601,45%,55%,4894,46%,54%,19932,45%,55%,25617,35%,65%,25680,33%,67%,28013,35%,65%,19544,39%,61%,10116,41%,59%,3338,41%,59%,371,45%,55%
2020-08-31,,,,,,,,,,,,,,,,,,,,,,,,,,,,,,
2020-09-01,2643,45%,55%,4993,46%,54%,20215,45%,55%,26018,35%,65%,26065,33%,67%,28418,35%,65%,19860,39%,61%,10286,41%,59%,3398,41%,59%,381,45%,55%
2020-09-02,2671,45%,55%,5068,46%,54%,20419,45%,55%,26307,35%,65%,26346,33%,67%,28716,35%,65%,20087,39%,61%,10395,41%,59%,3430,41%,59%,385,45%,55%
2020-09-03,2693,45%,55%,5107,46%,54%,20605,45%,55%,26500,35%,65%,26546,33%,67%,28936,35%,65%,20265,39%,61%,10489,41%,59%,3455,41%,59%,391,45%,55%
2020-09-04,2728,45%,55%,5187,46%,54%,20875,45%,55%,26874,35%,65%,26875,33%,67%,29281,35%,65%,20489,39%,61%,10605,41%,59%,3497,41%,59%,395,45%,55%
2020-09-05,2766,45%,55%,5269,46%,54%,21097,45%,55%,27194,35%,65%,27162,33%,67%,29593,35%,65%,20727,39%,61%,10736,41%,59%,3535,41%,59%,396,45%,55%
2020-09-06,2794,45%,55%,5338,46%,54%,21408,45%,55%,27499,35%,65%,27482,33%,67%,29937,35%,65%,20985,39%,61%,10865,41%,59%,3575,41%,59%,399,45%,55%
2020-09-07,2831,45%,55%,5417,46%,54%,21634,45%,55%,27805,35%,65%,27767,33%,67%,30232,35%,65%,21220,39%,61%,10979,41%,59%,3611,41%,59%,400,45%,55%
2020-09-08,2851,45%,55%,5489,46%,54%,21831,45%,55%,28045,35%,65%,28030,33%,67%,30518,35%,65%,21433,39%,61%,11074,41%,59%,3648,41%,59%,402,45%,55%
2020-09-09,2870,45%,55%,5585,46%,54%,22136,45%,55%,28428,35%,65%,28445,33%,67%,30910,35%,65%,21727,39%,61%,11218,41%,59%,3709,41%,59%,408,45%,55%
2020-09-10,2909,45%,55%,5694,46%,54%,22443,45%,55%,28846,35%,65%,28870,33%,67%,31332,35%,65%,22022,39%,61%,11366,41%,59%,3768,41%,59%,413,45%,55%
2020-09-11,2945,45%,55%,5767,46%,54%,22716,45%,55%,29213,35%,65%,29256,33%,67%,31750,35%,65%,22301,39%,61%,11511,41%,59%,3806,41%,59%,418,45%,55%
2020-09-12,2983,45%,55%,5856,46%,54%,23002,45%,55%,29611,35%,65%,29657,33%,67%,32143,35%,65%,22619,39%,61%,11697,41%,59%,3865,41%,59%,424,45%,55%
2020-09-13,3017,45%,55%,5939,46%,54%,23288,45%,55%,29985,35%,65%,30024,33%,67%,32508,35%,65%,22875,39%,61%,11841,41%,59%,3914,41%,59%,427,45%,55%
2020-09-14,3049,45%,55%,6035,46%,54%,23604,45%,55%,30411,35%,65%,30456,33%,67%,32922,35%,65%,23162,39%,61%,12004,41%,59%,3972,41%,59%,436,45%,55%
2020-09-15,,,,,,,,,,,,,,,,,,,,,,,,,,,,,,
2020-09-16,3119,44%,56%,6173,46%,54%,24144,44%,56%,31064,35%,65%,31164,34%,66%,33618,36%,64%,23648,39%,61%,12285,41%,59%,4071,41%,59%,443,46%,54%
2020-09-17,3171,44%,56%,6259,46%,54%,24422,44%,56%,31505,35%,65%,31563,34%,66%,34080,36%,64%,23957,39%,61%,12453,41%,59%,4115,41%,59%,450,46%,54%
2020-09-18,3205,44%,56%,6359,46%,54%,24714,44%,56%,31874,35%,65%,31964,34%,66%,34501,36%,64%,24229,39%,61%,12600,41%,59%,4177,41%,59%,453,46%,54%
2020-09-19,3236,44%,56%,6441,46%,54%,25033,44%,56%,32241,35%,65%,32333,34%,66%,34908,36%,64%,24550,39%,61%,12754,41%,59%,4228,41%,59%,463,46%,54%
2020-09-20,3264,44%,56%,6537,46%,54%,25322,44%,56%,32637,35%,65%,32712,34%,66%,35297,36%,64%,24860,39%,61%,12902,41%,59%,4272,41%,59%,470,45%,55%
2020-09-21,3297,44%,56%,6608,46%,54%,25577,44%,56%,32961,35%,65%,33000,34%,66%,35631,36%,64%,25107,39%,61%,13026,41%,59%,4324,41%,59%,475,45%,55%
2020-09-22,3324,44%,56%,6662,46%,54%,25790,44%,56%,33220,35%,65%,33276,34%,66%,35952,36%,64%,25311,39%,61%,13145,41%,59%,4353,41%,59%,480,45%,55%
2020-09-23,3362,44%,56%,6747,46%,54%,26092,44%,56%,33640,35%,65%,33686,34%,66%,36392,36%,64%,25612,39%,61%,13313,41%,59%,4404,41%,59%,487,45%,55%
2020-09-24,3402,44%,56%,6839,46%,54%,26348,44%,56%,34006,35%,65%,34038,34%,66%,36801,36%,64%,25885,39%,61%,13476,41%,59%,4459,41%,59%,496,45%,55%
2020-09-25,,,,,,,,,,,,,,,,,,,,,,,,,,,,,,
2020-09-26,3465,44%,56%,7002,45%,55%,26884,44%,56%,34684,36%,64%,34749,34%,66%,37569,37%,63%,26442,39%,61%,13743,42%,58%,4536,41%,59%,514,46%,54%
2020-09-27,3500,44%,56%,7080,45%,55%,27192,44%,56%,35060,36%,64%,35112,34%,66%,38001,37%,63%,26753,39%,61%,13916,42%,58%,4588,41%,59%,522,46%,54%
2020-09-28,3530,44%,56%,7182,45%,55%,27450,44%,56%,35401,36%,64%,35431,34%,66%,38400,37%,63%,27021,39%,61%,14077,42%,58%,4633,41%,59%,530,46%,54%
2020-09-29,3564,44%,56%,7250,45%,55%,27665,44%,56%,35688,36%,64%,35720,34%,66%,38711,37%,63%,27240,39%,61%,14210,42%,58%,4679,41%,59%,538,46%,54%
2020-09-30,,,,,,,,,,,,,,,,,,,,,,,,,,,,,,
2020-10-01,3652,44%,56%,7472,45%,55%,28210,44%,56%,36505,36%,64%,36472,34%,66%,39522,37%,63%,27874,39%,61%,14518,42%,58%,4799,41%,59%,547,46%,54%
2020-10-02,3696,44%,56%,7583,45%,55%,28533,44%,56%,36940,36%,64%,36888,34%,66%,39954,37%,63%,28163,39%,61%,14692,42%,58%,4852,41%,59%,556,46%,54%
2020-10-03,3743,44%,56%,7676,45%,55%,28832,44%,56%,37320,36%,64%,37303,34%,66%,40367,37%,63%,28522,39%,61%,14856,42%,58%,4910,41%,59%,558,46%,54%
2020-10-04,3784,44%,56%,7765,45%,55%,29096,44%,56%,37642,36%,64%,37665,34%,66%,40739,37%,63%,28846,39%,61%,15017,42%,58%,4963,41%,59%,563,46%,54%
2020-10-05,3817,44%,56%,7837,45%,55%,29325,44%,56%,37941,36%,64%,37975,34%,66%,41059,37%,63%,29088,39%,61%,15184,42%,58%,5007,41%,59%,569,46%,54%
2020-10-06,3849,44%,56%,7907,45%,55%,29524,44%,56%,38255,36%,64%,38239,34%,66%,41358,37%,63%,29325,39%,61%,15332,42%,58%,5052,41%,59%,569,46%,54%
2020-10-07,3906,44%,56%,8047,45%,55%,29878,44%,56%,38769,36%,64%,38721,34%,66%,41882,37%,63%,29690,39%,61%,15501,42%,58%,5120,41%,59%,576,46%,54%
2020-10-08,3958,44%,56%,8180,45%,55%,30234,44%,56%,39265,36%,64%,39198,34%,66%,42361,37%,63%,30029,39%,61%,15689,42%,58%,5177,41%,59%,584,46%,54%
2020-10-09,3992,44%,56%,8278,45%,55%,30533,44%,56%,39633,36%,64%,39582,34%,66%,42806,37%,63%,30348,39%,61%,15863,42%,58%,5233,41%,59%,590,46%,54%
2020-10-10,4021,44%,56%,8367,45%,55%,30810,44%,56%,40010,36%,64%,39946,34%,66%,43227,37%,63%,30630,39%,61%,16030,42%,58%,5301,41%,59%,596,46%,54%
2020-10-11,4067,44%,56%,8451,45%,55%,31103,44%,56%,40400,36%,64%,40308,34%,66%,43623,37%,63%,30910,39%,61%,16178,42%,58%,5362,41%,59%,604,46%,54%
2020-10-12,4091,44%,56%,8511,45%,55%,31324,44%,56%,40712,36%,64%,40565,35%,65%,43902,37%,63%,31114,40%,60%,16295,42%,58%,5406,42%,58%,609,46%,54%
2020-10-13,4113,44%,56%,8566,45%,55%,31488,44%,56%,40925,36%,64%,40784,35%,65%,44161,37%,63%,31295,40%,60%,16372,42%,58%,5448,42%,58%,615,46%,54%
2020-10-14,4147,44%,56%,8642,45%,55%,31796,44%,56%,41289,36%,64%,41166,35%,65%,44561,37%,63%,31589,40%,60%,16509,42%,58%,5516,42%,58%,629,46%,54%
2020-10-15,4182,44%,56%,8736,45%,55%,32075,44%,56%,41639,36%,64%,41524,35%,65%,44933,37%,63%,31859,40%,60%,16669,42%,58%,5555,42%,58%,634,46%,54%
2020-10-16,4207,44%,56%,8812,45%,55%,32258,44%,56%,41869,36%,64%,41822,35%,65%,45213,37%,63%,32015,40%,60%,16771,42%,58%,5589,42%,58%,643,46%,54%
2020-10-17,4235,44%,56%,8879,45%,55%,32461,44%,56%,42162,36%,64%,42099,35%,65%,45498,37%,63%,32257,40%,60%,16892,42%,58%,5624,42%,58%,645,46%,54%
2020-10-18,4257,44%,56%,8957,45%,55%,32670,44%,56%,42433,36%,64%,42345,35%,65%,45779,37%,63%,32483,40%,60%,17009,42%,58%,5667,42%,58%,654,46%,54%
2020-10-19,4276,44%,56%,9009,45%,55%,32820,44%,56%,42653,36%,64%,42530,35%,65%,46003,37%,63%,32649,40%,60%,17095,42%,58%,5701,42%,58%,664,46%,54%
2020-10-20,4292,44%,56%,9041,45%,55%,32938,44%,56%,42834,36%,64%,42715,35%,65%,46221,37%,63%,32794,40%,60%,17187,42%,58%,5727,42%,58%,668,46%,54%
2020-10-21,4319,44%,56%,9109,45%,55%,33132,44%,56%,43114,36%,64%,42991,35%,65%,46509,37%,63%,32998,40%,60%,17316,42%,58%,5756,42%,58%,672,46%,54%
2020-10-22,4341,44%,56%,9166,45%,55%,33339,44%,56%,43363,36%,64%,43230,35%,65%,46773,37%,63%,33189,40%,60%,17413,42%,58%,5793,42%,58%,678,46%,54%
2020-10-23,4370,44%,56%,9231,45%,55%,33502,44%,56%,43653,36%,64%,43487,35%,65%,47021,37%,63%,33373,40%,60%,17502,42%,58%,5828,42%,58%,684,46%,54%
2020-10-24,4391,44%,56%,9278,45%,55%,33654,44%,56%,43868,36%,64%,43705,35%,65%,47246,37%,63%,33528,40%,60%,17613,42%,58%,5852,42%,58%,691,46%,54%
2020-10-25,4416,44%,56%,9323,45%,55%,33806,44%,56%,44084,36%,64%,43932,35%,65%,47461,37%,63%,33687,40%,60%,17693,42%,58%,5881,42%,58%,695,46%,54%
2020-10-26,4425,44%,56%,9355,45%,55%,33898,44%,56%,44212,36%,64%,44065,35%,65%,47591,37%,63%,33802,40%,60%,17762,42%,58%,5907,42%,58%,697,46%,54%
2020-10-27,4434,44%,56%,9386,45%,55%,33982,44%,56%,44370,36%,64%,44187,35%,65%,47747,37%,63%,33906,40%,60%,17822,42%,58%,5924,42%,58%,699,46%,54%
2020-10-28,4464,44%,56%,9449,45%,55%,34150,44%,56%,44571,36%,64%,44425,35%,65%,48005,37%,63%,34069,40%,60%,17916,42%,58%,5946,42%,58%,706,46%,54%
2020-10-29,4483,44%,56%,9500,45%,55%,34288,44%,56%,44786,36%,64%,44607,35%,65%,48198,37%,63%,34209,40%,60%,17999,42%,58%,5968,42%,58%,707,46%,54%
2020-10-30,4500,44%,56%,9534,45%,55%,34396,44%,56%,44970,36%,64%,44790,35%,65%,48394,37%,63%,34369,40%,60%,18068,42%,58%,5980,42%,58%,712,46%,54%
2020-10-31,4516,44%,56%,9574,45%,55%,34522,44%,56%,45127,36%,64%,44935,35%,65%,48582,37%,63%,34505,40%,60%,18143,42%,58%,6015,42%,58%,713,46%,54%
2020-11-01,4551,44%,56%,9648,45%,55%,34979,44%,56%,45625,36%,64%,45372,35%,65%,49037,37%,63%,34809,40%,60%,18310,42%,58%,6071,42%,58%,721,46%,54%
2020-11-02,4559,44%,56%,9675,45%,55%,35063,44%,56%,45741,36%,64%,45498,35%,65%,49172,37%,63%,34899,40%,60%,18356,42%,58%,6092,42%,58%,725,46%,54%
2020-11-03,4568,44%,56%,9702,45%,55%,35167,44%,56%,45856,36%,64%,45621,35%,65%,49293,37%,63%,35020,40%,60%,18395,42%,58%,6108,42%,58%,730,46%,54%
2020-11-04,4582,45%,55%,9739,45%,55%,35306,43%,57%,46043,36%,64%,45745,35%,65%,49443,37%,63%,35149,40%,60%,18463,42%,58%,6131,42%,58%,733,47%,53%
2020-11-05,4589,45%,55%,9767,45%,55%,35398,43%,57%,46194,36%,64%,45870,35%,65%,49609,37%,63%,35267,40%,60%,18526,42%,58%,6155,42%,58%,734,47%,53%
2020-11-06,4598,45%,55%,9793,45%,55%,35514,43%,57%,46353,36%,64%,45993,35%,65%,49743,37%,63%,35375,40%,60%,18579,42%,58%,6168,42%,58%,736,47%,53%
2020-11-07,4606,45%,55%,9810,45%,55%,35592,43%,57%,46439,36%,64%,46086,35%,65%,49839,37%,63%,35450,40%,60%,18618,42%,58%,6182,42%,58%,737,47%,53%
2020-11-08,4623,45%,55%,9857,45%,55%,35755,43%,57%,46646,36%,64%,46265,35%,65%,50061,37%,63%,35595,40%,60%,18698,42%,58%,6212,42%,58%,738,47%,53%
2020-11-09,4631,45%,55%,9882,45%,55%,35837,43%,57%,46758,36%,64%,46366,35%,65%,50167,37%,63%,35695,40%,60%,18745,42%,58%,6225,42%,58%,738,47%,53%
2020-11-10,4634,45%,55%,9895,45%,55%,35890,43%,57%,46849,36%,64%,46455,35%,65%,50263,37%,63%,35757,40%,60%,18778,42%,58%,6241,42%,58%,739,47%,53%
2020-11-11,4644,45%,55%,9936,45%,55%,36019,43%,57%,47029,36%,64%,46621,35%,65%,50442,37%,63%,35925,40%,60%,18853,42%,58%,6261,42%,58%,744,47%,53%
2020-11-12,4662,45%,55%,9963,45%,55%,36110,43%,57%,47168,36%,64%,46768,35%,65%,50601,37%,63%,36027,40%,60%,18902,42%,58%,6279,42%,58%,744,47%,53%
2020-11-13,4664,45%,55%,9982,45%,55%,36105,43%,57%,47177,36%,64%,46759,35%,65%,50618,37%,63%,36045,40%,60%,18900,42%,58%,6282,42%,58%,747,47%,53%
2020-11-14,4671,45%,55%,10009,45%,55%,36186,43%,57%,47283,36%,64%,46868,35%,65%,50751,37%,63%,36133,40%,60%,18958,42%,58%,6294,42%,58%,748,47%,53%
2020-11-15,4677,45%,55%,10027,45%,55%,36232,43%,57%,47357,36%,64%,46977,35%,65%,50854,37%,63%,36215,40%,60%,19009,42%,58%,6307,42%,58%,752,47%,53%
2020-11-16,4674,45%,55%,10035,45%,55%,36248,43%,57%,47337,36%,64%,47008,35%,65%,50862,37%,63%,36227,40%,60%,18999,42%,58%,6308,42%,58%,754,47%,53%
2020-11-17,4679,45%,55%,10051,45%,55%,36318,43%,57%,47424,36%,64%,47084,35%,65%,50956,37%,63%,36302,40%,60%,19034,42%,58%,6326,42%,58%,754,47%,53%
2020-11-18,4686,45%,55%,10068,45%,55%,36434,43%,57%,47543,36%,64%,47195,35%,65%,51093,37%,63%,36404,40%,60%,19096,42%,58%,6340,42%,58%,755,47%,53%
2020-11-19,4701,45%,55%,10113,45%,55%,36584,43%,57%,47710,36%,64%,47354,35%,65%,51274,37%,63%,36530,40%,60%,19184,42%,58%,6366,42%,58%,756,47%,53%
2020-11-20,4720,45%,55%,10155,45%,55%,36731,43%,57%,47871,36%,64%,47537,35%,65%,51454,37%,63%,36644,40%,60%,19252,42%,58%,6384,42%,58%,762,47%,53%
2020-11-21,4740,45%,55%,10193,45%,55%,36855,43%,57%,48065,36%,64%,47722,35%,65%,51643,37%,63%,36810,40%,60%,19315,42%,58%,6406,42%,58%,765,47%,53%
2020-11-22,4756,45%,55%,10246,45%,55%,37004,43%,57%,48262,36%,64%,47902,35%,65%,51855,37%,63%,36943,40%,60%,19382,42%,58%,6429,42%,58%,771,47%,53%
2020-11-23,4763,45%,55%,10274,45%,55%,37105,43%,57%,48402,36%,64%,48043,35%,65%,51991,37%,63%,37029,40%,60%,19426,42%,58%,6451,42%,58%,774,47%,53%
2020-11-24,4772,45%,55%,10319,45%,55%,37215,43%,57%,48551,36%,64%,48208,35%,65%,52152,37%,63%,37147,40%,60%,19487,42%,58%,6473,42%,58%,777,47%,53%
2020-11-25,4789,45%,55%,10354,45%,55%,37337,43%,57%,48728,36%,64%,48384,35%,65%,52363,37%,63%,37287,40%,60%,19582,42%,58%,6504,42%,58%,780,47%,53%
2020-11-26,4805,45%,55%,10396,45%,55%,37471,43%,57%,48922,36%,64%,48560,35%,65%,52567,37%,63%,37424,40%,60%,19667,42%,58%,6527,42%,58%,784,47%,53%
2020-11-27,4823,45%,55%,10431,45%,55%,37618,43%,57%,49111,36%,64%,48725,35%,65%,52750,37%,63%,37547,40%,60%,19729,42%,58%,6552,42%,58%,786,47%,53%
2020-11-28,4832,45%,55%,10472,45%,55%,37762,43%,57%,49273,36%,64%,48889,35%,65%,52931,37%,63%,37675,40%,60%,19799,42%,58%,6579,42%,58%,788,47%,53%
2020-11-29,4842,45%,55%,10508,45%,55%,37888,43%,57%,49420,36%,64%,49034,35%,65%,53078,38%,62%,37782,40%,60%,19865,42%,58%,6600,42%,58%,791,47%,53%
2020-11-30,4849,45%,55%,10532,45%,55%,37973,43%,57%,49513,36%,64%,49149,35%,65%,53174,38%,62%,37849,40%,60%,19905,42%,58%,6613,42%,58%,794,47%,53%
2020-12-01,4856,45%,55%,10560,45%,55%,38053,43%,57%,49627,36%,64%,49256,35%,65%,53305,38%,62%,37936,40%,60%,19951,42%,58%,6624,42%,58%,797,47%,53%
2020-12-02,4867,45%,55%,10597,45%,55%,38153,43%,57%,49787,36%,64%,49399,35%,65%,53453,38%,62%,38073,40%,60%,20027,42%,58%,6638,42%,58%,800,47%,53%
2020-12-03,4877,45%,55%,10634,45%,55%,38276,43%,57%,49918,36%,64%,49547,35%,65%,53586,38%,62%,38189,40%,60%,20088,42%,58%,6658,42%,58%,802,47%,53%
2020-12-04,4888,45%,55%,10669,45%,55%,38366,43%,57%,50038,36%,64%,49683,35%,65%,53712,38%,62%,38282,40%,60%,20138,42%,58%,6678,42%,58%,805,47%,53%
2020-12-05,4894,45%,55%,10691,45%,55%,38462,43%,57%,50166,36%,64%,49794,35%,65%,53848,38%,62%,38378,40%,60%,20175,42%,58%,6697,42%,58%,808,47%,53%
2020-12-06,4906,45%,55%,10715,45%,55%,38564,43%,57%,50276,36%,64%,49905,35%,65%,53974,38%,62%,38495,40%,60%,20219,42%,58%,6721,42%,58%,810,47%,53%
2020-12-07,,,,,,,,,,,,,,,,,,,,,,,,,,,,,,
2020-12-08,,,,,,,,,,,,,,,,,,,,,,,,,,,,,,
2020-12-09,4926,45%,55%,10771,45%,55%,38800,43%,57%,50564,36%,64%,50161,35%,65%,54317,38%,62%,38742,40%,60%,20324,42%,58%,6770,42%,58%,815,47%,53%
2020-12-10,4934,45%,55%,10799,45%,55%,38907,43%,57%,50703,36%,64%,50305,35%,65%,54466,38%,62%,38837,40%,60%,20381,42%,58%,6793,42%,58%,818,47%,53%
2020-12-11,4939,45%,55%,10825,45%,55%,39002,43%,57%,50823,36%,64%,50412,35%,65%,54569,38%,62%,38913,40%,60%,20424,42%,58%,6814,42%,58%,822,47%,53%
2020-12-12,4943,45%,55%,10845,45%,55%,39102,43%,57%,50927,36%,64%,50518,35%,65%,54691,38%,62%,38987,40%,60%,20463,42%,58%,6830,42%,58%,825,47%,53%
2020-12-13,4952,45%,55%,10859,45%,55%,39162,43%,57%,51023,36%,64%,50628,35%,65%,54798,38%,62%,39080,40%,60%,20506,42%,58%,6847,42%,58%,830,47%,53%
2020-12-14,4958,45%,55%,10876,45%,55%,39203,43%,57%,51101,36%,64%,50712,35%,65%,54890,38%,62%,39140,40%,60%,20549,42%,58%,6865,42%,58%,834,47%,53%
2020-12-15,4963,45%,55%,10901,45%,55%,39261,43%,57%,51174,36%,64%,50796,35%,65%,54979,38%,62%,39213,40%,60%,20592,42%,58%,6879,42%,58%,836,47%,53%
2020-12-16,4978,45%,55%,10927,45%,55%,39374,43%,57%,51316,36%,64%,50918,35%,65%,55118,38%,62%,39300,40%,60%,20636,42%,58%,6896,42%,58%,840,47%,53%
2020-12-17,4982,45%,55%,10942,45%,55%,39433,43%,57%,51422,36%,64%,51001,35%,65%,55216,38%,62%,39375,40%,60%,20692,42%,58%,6907,42%,58%,842,47%,53%
2020-12-18,,,,,,,,,,,,,,,,,,,,,,,,,,,,,,
2020-12-19,5001,45%,55%,10995,45%,55%,39608,43%,57%,51623,36%,64%,51196,35%,65%,55428,38%,62%,39550,40%,60%,20782,42%,58%,6940,42%,58%,850,47%,53%
2020-12-20,5004,45%,55%,11013,45%,55%,39687,43%,57%,51731,36%,64%,51277,35%,65%,55527,38%,62%,39647,40%,60%,20826,42%,58%,6950,42%,58%,851,47%,53%
2020-12-21,5006,45%,55%,11037,45%,55%,39757,43%,57%,51815,36%,64%,51342,35%,65%,55604,38%,62%,39703,40%,60%,20855,42%,58%,6960,42%,58%,851,47%,53%
2020-12-22,5011,45%,55%,11057,45%,55%,39830,43%,57%,51894,36%,64%,51425,35%,65%,55688,38%,62%,39761,40%,60%,20889,42%,58%,6970,42%,58%,852,47%,53%
2020-12-23,5020,45%,55%,11085,45%,55%,39944,43%,57%,52014,36%,64%,51546,35%,65%,55801,38%,62%,39849,40%,60%,20949,42%,58%,6983,42%,58%,856,47%,53%
2020-12-24,5028,45%,55%,11110,45%,55%,40029,43%,57%,52129,36%,64%,51649,35%,65%,55911,38%,62%,39933,40%,60%,20997,42%,58%,6996,42%,58%,857,47%,53%
2020-12-25,5040,45%,55%,11126,45%,55%,40122,43%,57%,52220,36%,64%,51736,35%,65%,56019,38%,62%,40014,40%,60%,21037,42%,58%,7006,42%,58%,862,47%,53%
2020-12-26,5045,45%,55%,11140,45%,55%,40203,43%,57%,52309,36%,64%,51811,35%,65%,56132,38%,62%,40083,40%,60%,21064,42%,58%,7016,42%,58%,867,47%,53%
2020-12-27,,,,,,,,,,,,,,,,,,,,,,,,,,,,,,
2020-12-28,5056,45%,55%,11171,45%,55%,40348,43%,57%,52490,36%,64%,51981,35%,65%,56356,38%,62%,40244,40%,60%,21152,42%,58%,7046,42%,58%,870,47%,53%
2020-12-29,5066,45%,55%,11189,45%,55%,40423,43%,57%,52592,36%,64%,52077,35%,65%,56439,38%,62%,40305,40%,60%,21193,42%,58%,7054,42%,58%,871,47%,53%
2020-12-30,5078,45%,55%,11216,45%,55%,40524,43%,57%,52719,36%,64%,52172,35%,65%,56567,38%,62%,40402,40%,60%,21242,42%,58%,7068,42%,58%,872,47%,53%
2020-12-31,5086,45%,55%,11247,45%,55%,40599,43%,57%,52820,36%,64%,52291,35%,65%,56678,38%,62%,40474,40%,60%,21296,42%,58%,7081,42%,58%,875,47%,53%
2021-01-01,5089,45%,55%,11272,45%,55%,40679,43%,57%,52931,36%,64%,52397,35%,65%,56795,38%,62%,40562,40%,60%,21337,42%,58%,7107,42%,58%,876,47%,53%
2021-01-02,5095,45%,55%,11298,45%,55%,40768,43%,57%,53022,36%,64%,52487,35%,65%,56903,38%,62%,40637,40%,60%,21382,42%,58%,7122,42%,58%,877,47%,53%
2021-01-03,5104,45%,55%,11313,45%,55%,40837,43%,57%,53114,36%,64%,52558,35%,65%,57010,38%,62%,40733,40%,60%,21431,42%,58%,7133,42%,58%,880,47%,53%
2021-01-04,5107,45%,55%,11333,45%,55%,40902,43%,57%,53205,36%,64%,52639,35%,65%,57094,38%,62%,40794,40%,60%,21467,42%,58%,7150,42%,58%,880,47%,53%
2021-01-05,5111,45%,55%,11358,45%,55%,40967,43%,57%,53279,36%,64%,52739,35%,65%,57180,38%,62%,40868,40%,60%,21504,42%,58%,7165,42%,58%,881,47%,53%
2021-01-06,5118,45%,55%,11390,45%,55%,41064,43%,57%,53400,36%,64%,52861,35%,65%,57297,38%,62%,40962,40%,60%,21554,42%,58%,7174,42%,58%,884,47%,53%
2021-01-07,5123,45%,55%,11414,45%,55%,41160,43%,57%,53514,36%,64%,52958,35%,65%,57412,38%,62%,41054,40%,60%,21602,42%,58%,7196,42%,58%,886,47%,53%
2021-01-08,5131,45%,55%,11440,45%,55%,41257,43%,57%,53619,36%,64%,53065,35%,65%,57535,38%,62%,41134,40%,60%,21647,42%,58%,7210,42%,58%,889,47%,53%
2021-01-09,5134,45%,55%,11464,45%,55%,41330,43%,57%,53728,36%,64%,53148,35%,65%,57645,38%,62%,41209,40%,60%,21681,42%,58%,7230,42%,58%,891,47%,53%
2021-01-10,5139,45%,55%,11491,45%,55%,41405,43%,57%,53832,36%,64%,53252,35%,65%,57772,38%,62%,41296,40%,60%,21734,42%,58%,7248,42%,58%,894,47%,53%
2021-01-11,5145,45%,55%,11511,45%,55%,41459,43%,57%,53904,36%,64%,53315,35%,65%,57850,38%,62%,41351,40%,60%,21767,42%,58%,7260,42%,58%,895,47%,53%
2021-01-12,5152,45%,55%,11523,45%,55%,41518,43%,57%,53992,36%,64%,53379,35%,65%,57930,38%,62%,41410,40%,60%,21803,42%,58%,7276,42%,58%,896,47%,53%
2021-01-13,5163,45%,55%,11547,45%,55%,41617,43%,57%,54095,36%,64%,53486,35%,65%,58047,38%,62%,41506,40%,60%,21851,42%,58%,7293,42%,58%,897,47%,53%
2021-01-14,5172,45%,55%,11572,45%,55%,41682,43%,57%,54189,36%,64%,53557,35%,65%,58165,38%,62%,41611,40%,60%,21894,42%,58%,7312,42%,58%,898,47%,53%
2021-01-15,5177,45%,55%,11587,45%,55%,41777,43%,57%,54276,36%,64%,53651,35%,65%,58270,38%,62%,41686,40%,60%,21931,42%,58%,7325,42%,58%,898,47%,53%
2021-01-16,5192,45%,55%,11614,45%,55%,41842,43%,57%,54371,36%,64%,53747,35%,65%,58352,38%,62%,41779,40%,60%,21981,42%,58%,7335,42%,58%,898,47%,53%
2021-01-17,5199,45%,55%,11628,45%,55%,41905,43%,57%,54461,36%,64%,53819,35%,65%,58438,38%,62%,41857,40%,60%,22021,42%,58%,7347,42%,58%,900,47%,53%
2021-01-18,5204,45%,55%,11639,45%,55%,41955,43%,57%,54530,36%,64%,53879,35%,65%,58505,38%,62%,41917,40%,60%,22056,42%,58%,7361,42%,58%,901,47%,53%
2021-01-19,5209,45%,55%,11657,45%,55%,42027,43%,57%,54595,36%,64%,53950,35%,65%,58590,38%,62%,41985,40%,60%,22097,42%,58%,7371,42%,58%,902,47%,53%
2021-01-20,5212,45%,55%,11671,45%,55%,42087,43%,57%,54675,36%,64%,54033,35%,65%,58667,38%,62%,42044,40%,60%,22140,42%,58%,7383,42%,58%,905,47%,53%
2021-01-21,5216,45%,55%,11688,45%,55%,42150,43%,57%,54768,36%,64%,54105,35%,65%,58772,38%,62%,42107,40%,60%,22182,42%,58%,7392,42%,58%,906,47%,53%
2021-01-22,5223,45%,55%,11713,45%,55%,42218,43%,57%,54838,36%,64%,54185,35%,65%,58861,38%,62%,42166,40%,60%,22223,42%,58%,7404,42%,58%,906,47%,53%
2021-01-23,5227,45%,55%,11731,45%,55%,42266,43%,57%,54904,36%,64%,54264,35%,65%,58936,38%,62%,42227,40%,60%,22248,42%,58%,7413,42%,58%,907,47%,53%
2021-01-24,5235,45%,55%,11750,45%,55%,42321,43%,57%,54968,36%,64%,54356,35%,65%,59032,38%,62%,42286,40%,60%,22281,42%,58%,7423,42%,58%,911,47%,53%
2021-01-25,5240,45%,55%,11761,45%,55%,42368,43%,57%,55019,36%,64%,54402,35%,65%,59082,38%,62%,42342,40%,60%,22311,42%,58%,7431,42%,58%,913,47%,53%
2021-01-26,5241,45%,55%,11774,45%,55%,42409,43%,57%,55066,36%,64%,54453,35%,65%,59140,38%,62%,42382,40%,60%,22342,42%,58%,7441,42%,58%,917,47%,53%
2021-01-27,5244,45%,55%,11785,45%,55%,42463,43%,57%,55139,36%,64%,54531,35%,65%,59210,38%,62%,42443,40%,60%,22369,42%,58%,7458,42%,58%,918,47%,53%
2021-01-28,5248,45%,55%,11799,45%,55%,42507,43%,57%,55192,36%,64%,54601,35%,65%,59276,38%,62%,42503,40%,60%,22396,42%,58%,7464,42%,58%,918,47%,53%
2021-01-29,5250,45%,55%,11813,45%,55%,42569,43%,57%,55274,36%,64%,54679,35%,65%,59379,38%,62%,42565,40%,60%,22436,42%,58%,7479,42%,58%,918,47%,53%
2021-01-30,5256,45%,55%,11835,45%,55%,42624,43%,57%,55335,36%,64%,54763,35%,65%,59434,38%,62%,42621,40%,60%,22464,42%,58%,7486,42%,58%,920,47%,53%
2021-01-31,5257,45%,55%,11856,45%,55%,42671,43%,57%,55425,36%,64%,54843,35%,65%,59513,38%,62%,42678,40%,60%,22501,42%,58%,7496,42%,58%,920,47%,53%
2021-02-01,5261,45%,55%,11870,45%,55%,42718,43%,57%,55484,36%,64%,54884,35%,65%,59578,38%,62%,42725,40%,60%,22516,42%,58%,7507,42%,58%,920,47%,53%
2021-02-02,5263,45%,55%,11886,45%,55%,42754,43%,57%,55536,36%,64%,54930,35%,65%,59657,38%,62%,42771,40%,60%,22537,42%,58%,7516,42%,58%,920,47%,53%
2021-02-03,5268,45%,55%,11902,45%,55%,42807,43%,57%,55603,36%,64%,55007,35%,65%,59717,38%,62%,42815,40%,60%,22588,42%,58%,7526,42%,58%,922,47%,53%
2021-02-04,5274,45%,55%,11924,45%,55%,42857,43%,57%,55680,36%,64%,55083,35%,65%,59805,38%,62%,42882,40%,60%,22617,42%,58%,7530,42%,58%,928,47%,53%
2021-02-05,5278,45%,55%,11940,45%,55%,42900,43%,57%,55758,36%,64%,55154,35%,65%,59869,38%,62%,42936,40%,60%,22650,42%,58%,7537,42%,58%,928,47%,53%
2021-02-06,5284,45%,55%,11955,45%,55%,42945,43%,57%,55833,36%,64%,55230,35%,65%,59932,38%,62%,42990,40%,60%,22671,42%,58%,7548,42%,58%,930,47%,53%
2021-02-07,5288,45%,55%,11971,45%,55%,43001,43%,57%,55906,36%,64%,55315,35%,65%,60019,38%,62%,43042,40%,60%,22704,42%,58%,7556,42%,58%,930,47%,53%
2021-02-08,5290,45%,55%,11989,45%,55%,43041,43%,57%,55965,36%,64%,55391,35%,65%,60094,38%,62%,43101,40%,60%,22735,42%,58%,7570,42%,58%,930,47%,53%
2021-02-09,5295,45%,55%,12003,45%,55%,43087,43%,57%,56027,36%,64%,55453,35%,65%,60169,38%,62%,43135,40%,60%,22765,42%,58%,7573,42%,58%,932,47%,53%
2021-02-10,5303,45%,55%,12022,45%,55%,43148,43%,57%,56112,36%,64%,55556,35%,65%,60271,38%,62%,43218,40%,60%,22793,42%,58%,7579,42%,58%,936,47%,53%
2021-02-11,5309,45%,55%,12041,45%,55%,43217,43%,57%,56204,36%,64%,55637,35%,65%,60353,38%,62%,43295,40%,60%,22826,42%,58%,7588,42%,58%,938,47%,53%
2021-02-12,5315,45%,55%,12072,45%,55%,43276,43%,57%,56316,36%,64%,55739,35%,65%,60449,38%,62%,43378,40%,60%,22863,42%,58%,7600,42%,58%,939,47%,53%
2021-02-13,5323,45%,55%,12087,45%,55%,43338,43%,57%,56407,36%,64%,55836,35%,65%,60550,38%,62%,43445,40%,60%,22891,42%,58%,7612,42%,58%,940,47%,53%
2021-02-14,5328,45%,55%,12125,45%,55%,43412,43%,57%,56508,36%,64%,55940,35%,65%,60666,38%,62%,43522,40%,60%,22931,42%,58%,7632,42%,58%,944,47%,53%
2021-02-15,5333,45%,55%,12133,45%,55%,43481,43%,57%,56616,36%,64%,56000,35%,65%,60754,38%,62%,43581,40%,60%,22968,42%,58%,7649,42%,58%,947,47%,53%
2021-02-16,5339,45%,55%,12142,45%,55%,43539,43%,57%,56698,36%,64%,56063,35%,65%,60833,38%,62%,43646,40%,60%,22999,42%,58%,7665,42%,58%,947,47%,53%
2021-02-17,5346,45%,55%,12161,45%,55%,43640,43%,57%,56820,36%,64%,56174,35%,65%,60970,38%,62%,43744,40%,60%,23051,42%,58%,7676,42%,58%,948,47%,53%
2021-02-18,5360,45%,55%,12187,45%,55%,43748,43%,57%,56941,36%,64%,56300,35%,65%,61098,38%,62%,43844,40%,60%,23101,42%,58%,7695,42%,58%,949,47%,53%
2021-02-19,5372,45%,55%,12221,45%,55%,43854,43%,57%,57086,36%,64%,56443,35%,65%,61242,38%,62%,43956,40%,60%,23158,42%,58%,7719,42%,58%,951,47%,53%
2021-02-20,5381,45%,55%,12256,45%,55%,43959,43%,57%,57248,36%,64%,56604,35%,65%,61378,38%,62%,44050,40%,60%,23222,42%,58%,7737,42%,58%,953,47%,53%
2021-02-21,5397,45%,55%,12312,45%,55%,44109,43%,57%,57406,36%,64%,56749,35%,65%,61565,38%,62%,44177,40%,60%,23285,42%,58%,7752,42%,58%,958,47%,53%
2021-02-22,5409,45%,55%,12349,45%,55%,44210,43%,57%,57536,36%,64%,56888,35%,65%,61703,38%,62%,44259,40%,60%,23341,42%,58%,7767,42%,58%,959,47%,53%
2021-02-23,5418,45%,55%,12378,45%,55%,44311,43%,57%,57627,36%,64%,57000,35%,65%,61822,38%,62%,44336,40%,60%,23381,42%,58%,7786,42%,58%,960,47%,53%
2021-02-24,5434,45%,55%,12426,45%,55%,44483,43%,57%,57826,36%,64%,57228,35%,65%,62020,38%,62%,44463,40%,60%,23445,42%,58%,7812,42%,58%,964,47%,53%
2021-02-25,5449,45%,55%,12466,45%,55%,44661,43%,57%,58035,36%,64%,57416,35%,65%,62211,38%,62%,44607,40%,60%,23523,42%,58%,7833,42%,58%,966,47%,53%
2021-02-26,5461,45%,55%,12511,45%,55%,44816,43%,57%,58211,36%,64%,57562,35%,65%,62394,38%,62%,44757,40%,60%,23592,42%,58%,7854,42%,58%,972,47%,53%
2021-02-27,5482,45%,55%,12552,45%,55%,44952,43%,57%,58382,36%,64%,57721,35%,65%,62581,38%,62%,44877,40%,60%,23648,42%,58%,7874,42%,58%,981,47%,53%
2021-02-28,5502,45%,55%,12592,45%,55%,45099,43%,57%,58574,36%,64%,57891,35%,65%,62756,38%,62%,45008,40%,60%,23706,42%,58%,7899,42%,58%,983,47%,53%
2021-03-01,5513,45%,55%,12632,45%,55%,45214,43%,57%,58707,36%,64%,58016,35%,65%,62927,38%,62%,45115,40%,60%,23763,42%,58%,7915,42%,58%,988,47%,53%
2021-03-02,5523,45%,55%,12657,45%,55%,45348,43%,57%,58850,36%,64%,58127,35%,65%,63081,38%,62%,45244,40%,60%,23821,42%,58%,7937,42%,58%,993,47%,53%
2021-03-03,5539,45%,55%,12697,45%,55%,45505,43%,57%,59037,36%,64%,58319,35%,65%,63291,38%,62%,45369,40%,60%,23891,42%,58%,7962,42%,58%,997,47%,53%
2021-03-04,5551,45%,55%,12736,45%,55%,45665,43%,57%,59234,36%,64%,58515,35%,65%,63482,38%,62%,45502,40%,60%,23967,42%,58%,7974,42%,58%,998,47%,53%
2021-03-05,5559,45%,55%,12799,45%,55%,45825,43%,57%,59454,36%,64%,58727,35%,65%,63688,38%,62%,45633,40%,60%,24034,42%,58%,7997,42%,58%,999,47%,53%
2021-03-06,5576,45%,55%,12864,45%,55%,45992,43%,57%,59655,36%,64%,58954,35%,65%,63868,38%,62%,45790,40%,60%,24110,42%,58%,8019,42%,58%,1002,47%,53%
2021-03-07,5588,45%,55%,12923,45%,55%,46170,43%,57%,59872,36%,64%,59186,35%,65%,64075,38%,62%,45926,40%,60%,24185,42%,58%,8049,42%,58%,1007,47%,53%
2021-03-08,5609,45%,55%,12971,45%,55%,46310,43%,57%,60076,36%,64%,59337,35%,65%,64272,38%,62%,46066,40%,60%,24250,42%,58%,8072,42%,58%,1013,47%,53%
2021-03-09,5620,45%,55%,13014,45%,55%,46427,43%,57%,60248,36%,64%,59535,35%,65%,64461,38%,62%,46185,40%,60%,24310,42%,58%,8092,42%,58%,1016,47%,53%
2021-03-10,5638,45%,55%,13072,45%,55%,46669,43%,57%,60526,36%,64%,59780,35%,65%,64750,38%,62%,46371,40%,60%,24390,42%,58%,8135,42%,58%,1020,47%,53%
2021-03-11,5659,45%,55%,13138,45%,55%,46895,43%,57%,60804,36%,64%,60036,35%,65%,65022,38%,62%,46519,40%,60%,24485,42%,58%,8164,42%,58%,1022,47%,53%
2021-03-12,5683,45%,55%,13205,45%,55%,47140,43%,57%,61142,36%,64%,60340,35%,65%,65287,38%,62%,46722,40%,60%,24569,42%,58%,8196,42%,58%,1032,47%,53%
2021-03-13,5711,45%,55%,13289,45%,55%,47408,43%,57%,61483,36%,64%,60617,35%,65%,65569,38%,62%,46915,40%,60%,24660,42%,58%,8234,42%,58%,1036,47%,53%
2021-03-14,5739,45%,55%,13377,45%,55%,47719,43%,57%,61868,36%,64%,60941,35%,65%,65891,38%,62%,47155,40%,60%,24756,42%,58%,8271,42%,58%,1040,47%,53%
2021-03-15,5771,45%,55%,13443,45%,55%,47991,43%,57%,62159,36%,64%,61268,35%,65%,66129,38%,62%,47345,40%,60%,24874,42%,58%,8313,42%,58%,1047,47%,53%
2021-03-16,5799,45%,55%,13538,45%,55%,48290,43%,57%,62527,36%,64%,61581,35%,65%,66439,38%,62%,47565,40%,60%,24986,42%,58%,8352,42%,58%,1052,47%,53%
2021-03-17,5837,45%,55%,13651,45%,55%,48641,43%,57%,62992,36%,64%,62002,35%,65%,66837,38%,62%,47796,40%,60%,25111,42%,58%,8403,42%,58%,1060,47%,53%
2021-03-18,5879,45%,55%,13764,45%,55%,49118,43%,57%,63553,36%,64%,62495,35%,65%,67316,38%,62%,48105,40%,60%,25244,42%,58%,8469,42%,58%,1067,47%,53%
2021-03-19,5935,45%,55%,13917,45%,55%,49599,43%,57%,64153,36%,64%,63020,35%,65%,67787,38%,62%,48431,40%,60%,25398,42%,58%,8534,42%,58%,1078,47%,53%
2021-03-20,5973,45%,55%,14053,45%,55%,50071,43%,57%,64744,36%,64%,63525,35%,65%,68237,38%,62%,48749,40%,60%,25568,42%,58%,8591,42%,58%,1087,47%,53%
2021-03-21,6023,45%,55%,14235,45%,55%,50660,43%,57%,65513,36%,64%,64167,35%,65%,68850,38%,62%,49128,40%,60%,25778,42%,58%,8642,42%,58%,1099,47%,53%
2021-03-22,6068,45%,55%,14395,45%,55%,51210,43%,57%,66125,36%,64%,64659,35%,65%,69404,38%,62%,49480,40%,60%,25965,42%,58%,8707,42%,58%,1109,47%,53%
2021-03-23,6132,45%,55%,14529,45%,55%,51761,43%,57%,66802,36%,64%,65232,35%,65%,69960,38%,62%,49901,40%,60%,26156,42%,58%,8777,42%,58%,1117,47%,53%
2021-03-24,6196,45%,55%,14744,45%,55%,52623,43%,57%,67878,36%,64%,66125,35%,65%,70785,38%,62%,50478,40%,60%,26426,42%,58%,8882,42%,58%,1137,47%,53%
2021-03-25,6286,45%,55%,15001,45%,55%,53474,43%,57%,68983,36%,64%,67135,35%,65%,71642,38%,62%,51075,40%,60%,26734,42%,58%,8979,42%,58%,1152,47%,53%
2021-03-26,6359,45%,55%,15280,45%,55%,54378,43%,57%,70114,36%,64%,68096,35%,65%,72467,38%,62%,51642,40%,60%,27007,42%,58%,9090,42%,58%,1169,47%,53%
2021-03-27,6437,45%,55%,15585,45%,55%,55448,43%,57%,71373,36%,64%,69166,35%,65%,73401,38%,62%,52252,40%,60%,27345,42%,58%,9203,42%,58%,1189,47%,53%
2021-03-28,6532,45%,55%,15926,45%,55%,56667,43%,57%,72756,36%,64%,70308,35%,65%,74453,38%,62%,52907,40%,60%,27692,42%,58%,9322,42%,58%,1212,47%,53%
2021-03-29,6623,45%,55%,16204,45%,55%,57645,43%,57%,73890,36%,64%,71288,35%,65%,75359,38%,62%,53547,40%,60%,28019,42%,58%,9440,42%,58%,1232,47%,53%
2021-03-30,6706,45%,55%,16431,45%,55%,58395,43%,57%,74817,36%,64%,72161,35%,65%,76153,38%,62%,54063,40%,60%,28316,42%,58%,9550,42%,58%,1249,47%,53%
2021-03-31,6798,45%,55%,16677,45%,55%,59262,43%,57%,75872,36%,64%,73132,35%,65%,77063,38%,62%,54635,40%,60%,28657,42%,58%,9657,42%,58%,1273,47%,53%
2021-04-01,6892,45%,55%,17109,45%,55%,60627,43%,57%,77612,36%,64%,74648,35%,65%,78471,38%,62%,55566,40%,60%,29162,42%,58%,9828,42%,58%,1309,47%,53%
2021-04-02,7020,45%,55%,17549,45%,55%,62094,43%,57%,79376,36%,64%,76156,35%,65%,79911,38%,62%,56480,40%,60%,29658,42%,58%,10024,42%,58%,1338,47%,53%
2021-04-03,7159,45%,55%,17993,45%,55%,63534,43%,57%,81151,36%,64%,77837,35%,65%,81377,38%,62%,57477,40%,60%,30126,42%,58%,10194,42%,58%,1374,47%,53%
2021-04-04,7326,45%,55%,18528,45%,55%,65283,43%,57%,83225,36%,64%,79572,35%,65%,83072,38%,62%,58499,40%,60%,30680,42%,58%,10413,42%,58%,1416,47%,53%
2021-04-05,7504,45%,55%,19038,45%,55%,66776,43%,57%,85056,36%,64%,81202,35%,65%,84530,38%,62%,59609,40%,60%,31234,42%,58%,10651,42%,58%,1452,47%,53%
2021-04-06,7675,45%,55%,19558,45%,55%,68345,43%,57%,86939,36%,64%,82827,35%,65%,86058,38%,62%,60706,40%,60%,31827,42%,58%,10849,42%,58%,1499,47%,53%
2021-04-07,7852,45%,55%,20120,45%,55%,70047,43%,57%,88994,36%,64%,84712,35%,65%,87659,38%,62%,61805,40%,60%,32494,42%,58%,11085,42%,58%,1547,47%,53%
2021-04-08,7984,45%,55%,20587,45%,55%,71492,43%,57%,90790,36%,64%,86168,35%,65%,88915,38%,62%,62716,40%,60%,32984,42%,58%,11265,42%,58%,1588,47%,53%
2021-04-09,8151,45%,55%,21045,45%,55%,73137,43%,57%,92765,36%,64%,87740,35%,65%,90155,38%,62%,63635,40%,60%,33484,42%,58%,11433,42%,58%,1623,47%,53%
2021-04-10,8322,45%,55%,21493,45%,55%,74845,43%,57%,94783,36%,64%,89279,35%,65%,91403,38%,62%,64505,40%,60%,33982,42%,58%,11625,42%,58%,1675,47%,53%
2021-04-11,8502,45%,55%,21973,45%,55%,76719,43%,57%,96977,36%,64%,90895,35%,65%,92806,38%,62%,65441,40%,60%,34518,42%,58%,11847,42%,58%,1737,47%,53%
2021-04-12,8616,45%,55%,22284,45%,55%,78100,43%,57%,98512,36%,64%,92126,35%,65%,93769,38%,62%,66089,40%,60%,34904,42%,58%,11985,42%,58%,1760,47%,53%
2021-04-13,8736,45%,55%,22636,45%,55%,79575,43%,57%,100162,36%,64%,93452,35%,65%,94852,38%,62%,66804,40%,60%,35313,42%,58%,12133,42%,58%,1784,47%,53%
2021-04-14,8887,45%,55%,23082,45%,55%,81162,43%,57%,102161,36%,64%,95028,35%,65%,96136,38%,62%,67656,40%,60%,35783,42%,58%,12319,42%,58%,1826,47%,53%
2021-04-15,9041,45%,55%,23483,45%,55%,82526,43%,57%,103855,36%,64%,96440,35%,65%,97332,38%,62%,68510,40%,60%,36252,42%,58%,12521,42%,58%,1870,47%,53%
2021-04-16,9187,45%,55%,23870,45%,55%,84107,43%,57%,105605,36%,64%,97839,35%,65%,98643,38%,62%,69351,40%,60%,36762,42%,58%,12711,42%,58%,1919,47%,53%
2021-04-17,9371,45%,55%,24328,45%,55%,85593,43%,57%,107426,36%,64%,99307,35%,65%,99930,38%,62%,70218,40%,60%,37271,42%,58%,12922,42%,58%,1971,47%,53%
2021-04-18,9514,45%,55%,24727,45%,55%,87001,43%,57%,109177,36%,64%,100711,35%,65%,101191,38%,62%,71105,40%,60%,37783,42%,58%,13150,42%,58%,2015,47%,53%
2021-04-19,9658,45%,55%,25110,45%,55%,88228,43%,57%,110674,36%,64%,101949,35%,65%,102301,38%,62%,71879,40%,60%,38219,42%,58%,13315,42%,58%,2055,47%,53%
2021-04-20,9797,45%,55%,25459,45%,55%,89337,43%,57%,112108,36%,64%,103220,35%,65%,103348,38%,62%,72622,40%,60%,38693,42%,58%,13505,42%,58%,2087,47%,53%
2021-04-21,9926,45%,55%,25841,45%,55%,90580,43%,57%,113622,36%,64%,104517,35%,65%,104441,38%,62%,73419,40%,60%,39169,42%,58%,13691,42%,58%,2120,47%,53%
2021-04-22,10088,45%,55%,26204,45%,55%,91726,43%,57%,115094,36%,64%,105725,35%,65%,105466,38%,62%,74164,40%,60%,39668,42%,58%,13873,42%,58%,2164,47%,53%
2021-04-23,10224,45%,55%,26576,45%,55%,92910,43%,57%,116512,36%,64%,106935,35%,65%,106489,38%,62%,74889,40%,60%,40100,42%,58%,14054,42%,58%,2204,47%,53%
2021-04-24,10327,45%,55%,26860,45%,55%,93807,43%,57%,117650,36%,64%,107882,35%,65%,107298,38%,62%,75518,40%,60%,40473,42%,58%,14200,42%,58%,2239,47%,53%
2021-04-25,10448,45%,55%,27124,45%,55%,94645,43%,57%,118749,36%,64%,108841,35%,65%,108123,38%,62%,76136,40%,60%,40864,42%,58%,14349,42%,58%,2263,47%,53%
2021-04-26,10524,45%,55%,27328,45%,55%,95230,43%,57%,119525,36%,64%,109497,35%,65%,108660,38%,62%,76556,40%,60%,41124,42%,58%,14443,42%,58%,2277,47%,53%
2021-04-27,10610,45%,55%,27530,45%,55%,95925,43%,57%,120314,36%,64%,110157,35%,65%,109270,38%,62%,76952,40%,60%,41368,42%,58%,14559,42%,58%,2287,47%,53%
2021-04-28,10712,45%,55%,27777,45%,55%,96657,43%,57%,121337,36%,64%,111001,35%,65%,110010,38%,62%,77517,40%,60%,41689,42%,58%,14675,42%,58%,2312,47%,53%
2021-04-29,10807,45%,55%,28000,45%,55%,97299,43%,57%,122170,36%,64%,111751,35%,65%,110601,38%,62%,77972,40%,60%,41975,42%,58%,14780,42%,58%,2330,47%,53%
2021-04-30,10883,45%,55%,28203,45%,55%,97915,43%,57%,122981,36%,64%,112419,35%,65%,111161,38%,62%,78400,40%,60%,42231,42%,58%,14866,42%,58%,2342,47%,53%
2021-05-01,10958,45%,55%,28391,45%,55%,98571,43%,57%,123814,36%,64%,113075,35%,65%,111680,38%,62%,78768,40%,60%,42508,42%,58%,14970,42%,58%,2351,47%,53%
2021-05-02,11021,45%,55%,28570,45%,55%,99193,43%,57%,124541,36%,64%,113649,35%,65%,112167,38%,62%,79160,40%,60%,42747,42%,58%,15075,42%,58%,2364,47%,53%
2021-05-03,11080,45%,55%,28720,45%,55%,99599,43%,57%,125093,36%,64%,114072,35%,65%,112539,38%,62%,79424,40%,60%,42943,42%,58%,15137,42%,58%,2377,47%,53%
2021-05-04,11144,45%,55%,28869,45%,55%,99998,43%,57%,125664,36%,64%,114541,35%,65%,112870,38%,62%,79698,40%,60%,43097,42%,58%,15192,42%,58%,2388,47%,53%
2021-05-05,11243,45%,55%,29076,45%,55%,100608,43%,57%,126449,36%,64%,115160,35%,65%,113357,38%,62%,80082,40%,60%,43343,42%,58%,15275,42%,58%,2411,47%,53%
2021-05-06,11226,45%,55%,29011,45%,55%,100194,43%,57%,126032,36%,64%,114732,35%,65%,112727,38%,62%,79634,40%,60%,43111,42%,58%,15145,42%,58%,2398,47%,53%
2021-05-07,11297,55%,55%,29192,57%,64%,100656,65%,62%,126661,60%,58%,115222,58%,53%,113104,45%,45%,79938,43%,36%,43304,35%,38%,15226,40%,42%,2405,42%,47%
2021-05-08,11361,45%,55%,29347,45%,55%,101113,43%,57%,127184,36%,64%,115672,35%,65%,113446,38%,62%,80193,40%,60%,43477,42%,58%,15296,42%,58%,2419,47%,53%
2021-05-09,11423,45%,55%,29463,44%,56%,101521,40%,60%,127676,37%,63%,116061,37%,63%,113770,40%,60%,80417,41%,59%,43653,42%,58%,15356,43%,57%,2428,46%,54%
2021-05-10,11480,45%,55%,29559,44%,56%,101786,40%,60%,128056,37%,63%,116366,37%,63%,114008,40%,60%,80604,41%,59%,43762,42%,58%,15405,43%,57%,2436,46%,54%
2021-05-11,11536,45%,55%,29671,45%,55%,102071,40%,60%,128474,37%,63%,116682,37%,63%,114272,40%,60%,80775,41%,59%,43886,42%,58%,15448,43%,57%,2445,46%,54%
2021-05-12,11600,45%,55%,29820,44%,56%,102526,40%,60%,129023,37%,63%,117106,37%,63%,114597,40%,60%,81022,41%,59%,44036,42%,58%,15509,43%,57%,2450,46%,54%
2021-05-17,11787,45%,55%,30318,44%,56%,103997,40%,60%,130808,37%,63%,118521,37%,63%,115724,40%,60%,81855,41%,59%,44598,42%,58%,15706,43%,57%,2491,46%,54%
2021-05-18,11822,45%,55%,30396,44%,56%,104216,40%,60%,131074,37%,63%,118736,37%,63%,115891,40%,60%,81984,41%,59%,44660,42%,58%,15738,43%,57%,2495,46%,54%
2021-05-20,11889,45%,55%,30570,44%,56%,104686,40%,60%,131747,37%,63%,119251,37%,63%,116327,40%,60%,82308,41%,59%,44836,42%,58%,15789,43%,57%,2507,46%,54%
2021-05-21,11930,45%,55%,30666,44%,56%,104957,40%,60%,132074,37%,63%,119522,37%,63%,116537,40%,60%,82479,41%,59%,44925,42%,58%,15834,43%,57%,2509,46%,54%
2021-05-22,11967,45%,55%,30736,44%,56%,105171,40%,60%,132388,37%,63%,119775,37%,63%,116698,40%,60%,82614,41%,59%,45017,42%,58%,15864,43%,57%,2513,46%,54%
2021-05-23,12001,45%,55%,30826,44%,56%,105401,40%,60%,132723,37%,63%,120003,37%,63%,116879,40%,60%,82766,41%,59%,45113,42%,58%,15893,42%,58%,2520,43%,57%
2021-05-24,12027,45%,55%,30899,44%,56%,105553,40%,60%,132909,37%,63%,120196,37%,63%,117022,40%,60%,82860,42%,58%,45179,42%,58%,15917,43%,57%,2528,46%,54%
2021-05-25,12052,45%,55%,30965,44%,56%,105756,40%,60%,133168,37%,63%,120397,37%,63%,117186,40%,60%,82979,42%,58%,45261,42%,58%,15951,43%,57%,2532,46%,54%
2021-05-26,12090,45%,55%,31050,44%,56%,105974,40%,60%,133447,37%,63%,120638,37%,63%,117354,40%,60%,83103,42%,58%,45338,42%,58%,15979,43%,57%,2535,46%,54%
2021-05-27,12121,45%,55%,31110,44%,56%,106155,40%,60%,133686,37%,63%,120851,37%,63%,117520,40%,60%,83217,42%,58%,45409,42%,58%,16008,43%,57%,2542,46%,54%
2021-05-28,12142,45%,55%,31158,44%,56%,106298,40%,60%,133889,37%,63%,121021,37%,63%,117644,40%,60%,83312,42%,58%,45477,42%,58%,16034,43%,57%,2546,46%,54%
2021-05-29,12173,45%,55%,31222,44%,56%,106467,40%,60%,134121,37%,63%,121217,37%,63%,117788,40%,60%,83431,42%,58%,45527,42%,58%,16054,43%,57%,2549,46%,54%
2021-05-30,12196,45%,55%,31296,44%,56%,106654,40%,60%,134339,37%,63%,121408,37%,63%,117931,40%,60%,83552,42%,58%,45599,42%,58%,16078,43%,57%,2555,46%,54%
2021-05-31,12219,45%,55%,31342,44%,56%,106755,40%,60%,134463,37%,63%,121536,37%,63%,118024,40%,60%,83621,42%,58%,45638,42%,58%,16094,43%,57%,2557,46%,54%
2021-06-01,12249,45%,55%,31397,44%,56%,106888,40%,60%,134616,37%,63%,121690,37%,63%,118136,40%,60%,83703,42%,58%,45690,42%,58%,16129,43%,57%,2558,46%,54%
2021-06-02,12280,45%,55%,31468,44%,56%,107054,40%,60%,134806,37%,63%,121879,37%,63%,118253,40%,60%,83817,42%,58%,45741,42%,58%,16154,43%,57%,2564,46%,54%
2021-06-03,12298,45%,55%,31514,44%,56%,107204,40%,60%,135005,37%,63%,122049,37%,63%,118398,40%,60%,83923,42%,58%,45822,42%,58%,16168,43%,57%,2568,46%,54%
2021-06-04,12327,45%,55%,31581,44%,56%,107375,40%,60%,135221,37%,63%,122217,37%,63%,118512,40%,60%,84030,42%,58%,45876,42%,58%,16195,43%,57%,2570,46%,54%
2021-06-05,12364,45%,55%,31654,44%,56%,107507,40%,60%,135399,37%,63%,122351,37%,63%,118640,40%,60%,84121,42%,58%,45935,42%,58%,16212,43%,57%,2571,46%,54%
2021-06-06,12384,45%,55%,31702,44%,56%,107639,40%,60%,135567,37%,63%,122501,37%,63%,118770,40%,60%,84203,42%,58%,45996,42%,58%,16226,43%,57%,2574,46%,54%
2021-06-07,12400,45%,55%,31752,44%,56%,107745,40%,60%,135726,37%,63%,122619,37%,63%,118882,40%,60%,84292,42%,58%,46049,42%,58%,16241,43%,57%,2577,46%,54%
2021-06-08,12423,45%,55%,31804,44%,56%,107845,40%,60%,135869,37%,63%,122774,37%,63%,118958,40%,60%,84369,42%,58%,46106,42%,58%,16260,43%,57%,2579,46%,54%
2021-06-09,12446,45%,55%,31859,44%,56%,107985,40%,60%,136039,37%,63%,122929,37%,63%,119082,40%,60%,84442,42%,58%,46166,42%,58%,16286,43%,57%,2583,46%,54%
2021-06-10,12446,45%,55%,31859,44%,56%,107985,40%,60%,136039,37%,63%,122929,37%,63%,119082,40%,60%,84442,42%,58%,46166,42%,58%,16286,43%,57%,2583,46%,54%
2021-06-11,12476,45%,55%,31946,44%,56%,108178,40%,60%,136343,37%,63%,123172,37%,60%,119265,40%,60%,84570,42%,58%,46251,42%,58%,16308,43%,57%,2592,46%,54%
2021-06-12,12497,45%,55%,32016,44%,56%,108272,40%,60%,136493,37%,63%,123292,37%,63%,119352,40%,60%,84653,42%,58%,46301,42%,58%,16332,43%,57%,2595,46%,54%
2021-06-13,12513,45%,55%,32072,44%,56%,108373,40%,60%,136621,37%,63%,123415,37%,63%,119438,40%,60%,84727,42%,58%,46362,42%,58%,16350,43%,57%,2599,46%,54%
2021-06-14,12536,45%,55%,32115,44%,56%,108450,40%,60%,136709,37%,63%,123505,37%,63%,119515,40%,60%,84787,42%,58%,46403,42%,58%,16361,43%,57%,2607,43%,57%
2021-06-17,12596,45%,55%,32243,44%,56%,108765,40%,60%,137135,37%,63%,123874,37%,63%,119780,40%,60%,84993,42%,58%,46541,42%,58%,16411,43%,57%,2623,46%,54%